prod_key,qty,local_acg,local_disc
1048582,136.706,3966.07538,3823.91622
1048616,29,126.15,126.15
1048672,171.658,3909.3974,3687.33626
1048673,14.5,334.95,305.37
1048674,170,4145.25,4081.9
1048704,29,323.06,323.06
1048770,29,713.98,592.47
1048771,54,699.06,641.22
1048909,421.1,6253.335,6253.335
1053415,44,508,494.96
1053429,127.9,2922.142,2476.207
1053440,128,685.32,544.89
1053467,1173.5,22882.5,21051.3
1053471,30,626.4,626.4
1053472,91,1128.05,1115.94
1053490,108,4366.92,4366.92
1053515,92.8,2216.064,1894.048
1053519,137.65,3027.071,2483.282
1053525,10.001,144.27441,144.27441
1053540,1358.335,30562.5375,30562.5375
1053542,116,1269.04,1269.04
1053545,295,7118.35,7118.35
1053546,243.2,8593.328,8006.08
1053592,58,1666.92,1666.92
1053594,57,1022.58,1022.58
1053595,71.2,1579.616,1495.376
1053596,29,652.5,443.7
1053609,99,1043.5,724.3
1053619,153,3596.13,3227.25
1053639,499.1,3054.492,3054.492
1053641,162.5,2419.5,2183.315
1053652,34.8,1237.952,1117.022
1053659,76,1006.24,1006.24
1053668,59,1777.08,1777.08
1053710,25.5,432.735,393.72
1053714,40,954.8,935.88
1053751,29,707.02,707.02
1053760,682,13824.14,10966.56
1053767,165,3483.68,3463.36
1053768,138,4623,4623
1053770,15,375,350.7
1053771,29,783,720.36
1053845,379,6480.9,5453.81
1053855,119,3451,3451
1053863,58,363.08,281.3
1053891,2,38.76,32.62
1054026,29,167.62,144.71
1054029,143.64,1093.0018,1092.8539
1054033,65,413.4,413.4
1054105,58,531.86,483.14
1054127,4,45.64,45.64
1054132,29,567.82,457.04
1054141,67,627.86,585.38
1054157,169.4,1445.356,1394.004
1054162,52.55,878.1105,750.414
1054175,8.294,181.72154,181.72154
1054189,162,8699.4,8699.4
1054191,40.6,1334.522,1211.098
1054216,111,2485.18,1958.94
1054234,86,747.34,747.34
1054254,60.9,1671.009,1515.656
1054255,8.4,133.896,121.464
1054258,90.3,1917.687,1766.336
1054259,260.672,3367.88224,3367.88224
1054266,60,5061.47,5061.47
1054282,54.2,1815.7,1815.7
1054306,682,7877.1,6465.36
1054307,72,950.4,780.48
1054312,163.375,4411.125,4125.21875
1054334,145,329.15,275.5
1054349,29,529.25,439.35
1054353,145,3282.8,3282.8
1054466,176,3070.23,3042.95
1054467,337,5866.66,4127.78
1054518,215.5,5732.64,5730.955
1054556,87,1771.9,1665.47
1054558,116,3620.36,2622.76
1054580,272,10200,10200
1054603,20,364.8,307
1054640,70,490.7,490.7
1054697,144,2833.92,2833.92
1054698,114,3414.22,3213.31
1054708,29,235.19,235.19
1054732,180.5,4395.175,4395.175
1054762,46.5,184.425,184.425
1054767,46,1825.8,1437.67
1054770,87,782.13,762.7
1054771,29,602.04,559.99
1054848,58,2208.64,992.96
1055210,87,968.31,877.83
1055212,105,1512,1512
1055225,58,1815.98,1647.2
1055244,765.4,15880.93,10879.644
1055314,11.8,810.842,778.594
1055323,7,150.57,141.54
1055384,87,1195.67,1152.17
1055420,2.1,8.4,4.116
1055432,58,545.78,545.78
1055451,69.675,1858.4805,1837.3675
1055497,203.557,2672.04684,2669.60139
1055555,153.7,1141.904,1092.198
1055556,75.4,526.292,449.384
1055564,34,945.54,945.54
1055565,145,745.3,738.05
1055581,36,209.88,209.88
1055620,58,1679.1,1345.02
1055656,29,443.7,402.52
1055665,29,424.27,384.83
1055672,147.5,286.805,286.805
1055699,364,6137.04,5569.2
1055701,29,627.85,569.56
1055707,261,2322.9,1952.28
1055795,120.657,2108.38735,2060.32428
1055817,43,953.31,953.31
1055843,12,77.16,77.16
1055876,62,1546.27,1463.11
1055877,136.3,2933.176,1173.543
1055953,106,2092.35,1806.93
1055994,40,1636.4,1636.4
1056010,59,454.89,454.89
1056016,1.2,11.34,9.888
1056017,58,1742.9,1734.2
1056344,58,2975.4,2438.32
1056395,47,432.4,432.4
1056527,58,319,319
1056954,87,531.57,531.57
1057053,598,3994.64,3994.64
1057881,163.25,3593.65,3483.615
1058167,69.5,1969.025,1555.28
1058211,51.457,2312.06773,2089.24855
1058371,13,229.84,208.52
1058549,1,20.6,20.6
1058556,154,1672.78,1648.71
1058634,58,988.03,809.97
1058700,74.4,784.102,772.39
1058709,241,5288.85,5257.3
1058760,32,141.76,141.76
1058779,213,6611.52,6611.52
1058899,116,866.52,866.52
1058939,186,892.8,892.8
1059009,40,94,94
1059035,29,661.2,570.72
1059037,29,669.32,669.32
1059044,112,1736,1736
1059190,29,1860.64,1557.59
1059349,126,5289.63,4687.89
1059371,10.15,75.719,68.614
1059765,108,5109.48,5109.48
1059872,170.5,1612.73,1585.47
1059937,292,1386.8,653.36
1060017,64.001,657.29027,657.29027
1060300,58,2832.72,2569.4
1060495,50,1863.46,1863.46
1061141,1,120.87,120.87
1061169,125.9,6095.25,6086.84
1061213,126.1,1193.566,1166.309
1061287,75,2383.5,2383.5
1061531,219.427,1814.66129,1814.66129
1061686,56,1036,1036
1061892,29,700.06,581.16
1061925,58,828.82,787.64
1061932,87,2464.71,2464.71
1062130,180.2,2087.098,2065.882
1062143,44,214.72,214.72
1062281,896,4345.6,4345.6
1062417,87,1487.7,1487.7
1062468,177,2862.09,2862.09
1062579,407,7575.4,7575.4
1062618,78,710.49,705.265
1062667,81.32,274.8164,274.8164
1062736,26,912.8,837.44
1062738,47,1097.92,1097.92
1062750,101,3145.14,3145.14
1062831,87,518.52,187.05
1063248,139.25,778.4075,646.12
1063250,20,338.4,338.4
1063384,160.6,5649.24,5576.392
1063763,263,2998.74,2896.16
1063969,108,867.24,867.24
1063986,90,769.5,438.3
1064093,84,1990.8,1990.8
1064209,218.5,12801.915,11814.295
1064235,87,1044,715.14
1064270,165.032,3392.64576,3304.43344
1064360,93,5373.54,5373.54
1064511,87,1211.04,1045.74
1064530,45,2025,2025
1064564,58,980.2,847.96
1064782,55,2007.5,2007.5
1064993,33.7,754.291,713.952
1064996,149.2,854.916,803.046
1065068,101.35,682.5635,682.5635
1065099,86,2663.14,2588.38
1065100,60,1772.4,1772.4
1065133,40.8,755.416,680
1065160,1.2,89.76,76.14
1065217,109,2823.12,2823.12
1065234,58,1128.68,1128.68
1065331,130.4,4204.096,4204.096
1065469,252.6,9725.024,9722.048
1065471,35,409.5,409.5
1065763,1769.857,24781.74229,24735.63229
1066019,122,3575.82,3575.82
1066127,65.992,1496.1776,1429.60424
1066292,176.2,14293.018,13332.058
1066321,34,448.8,448.8
1066330,58,1000.5,1000.5
1066405,37,269.47,269.47
1066465,3,15.63,15.63
1066492,433,14786.95,14786.95
1066666,29,5110.67,5110.67
1066755,60,1203.42,1147.45
1067006,57,663.85,655.38
1067039,88,2172.32,1973.12
1067337,147,757.05,757.05
1067512,40.7,2064.304,2064.304
1067513,58,1846.43,1396.35
1067520,193.6,11172.896,10764.576
1067539,116,5246.68,4824.73
1067671,58,394.98,394.98
1067672,87,600.3,600.3
1067695,39.5,1918.32,1847.415
1067851,73,596.28,596.28
1068011,13,51.22,47.67
1068016,80,449.6,449.6
1068095,35.44,840.2172,733.796
1068153,845.393,9386.3197,9317.26818
1068305,174,591.6,591.6
1068313,29,192.56,192.56
1068317,58,148.48,148.48
1068369,840,3057.6,3057.6
1068633,7.25,131.4425,109.1125
1068686,87,65.25,65.25
1068892,58,493,493
1068986,29,222.72,222.72
1068987,58,445.44,445.44
1068995,58,2545.04,2545.04
1068997,124,3777.04,3777.04
1069099,253.4,423.986,413.384
1069173,84,1609.44,1349.04
1069174,235,4168.9,3494.45
1069496,29,1079.67,502.57
1070008,566,23589.44,22380.54
1070088,116,1451.16,1451.16
1070089,87,2253.3,2253.3
1070211,58,1175.66,886.24
1070226,132,715.12,558.12
1070404,34.2,1047.888,812.934
1070460,39,157.17,149.81
1070503,58,3629.64,3245.1
1070508,8.7,34.104,28.71
1070614,87,638.58,537.66
1070995,29,966.57,733.7
1071018,145,6742.5,5238.27
1071026,37,1360.49,1004.18
1071030,145,5017,3872.66
1071125,58,1926.76,1282.38
1071914,58,3104.16,2395.98
1072044,58,1342.12,1049.22
1072075,72.9,2046.303,1334.07
1072176,118,2403.66,2403.66
1072197,188,1126.12,1126.12
1076800,190.13,1359.4295,1359.4295
1076816,844.5,49486.88,48995.674
1076887,418,5550.64,5550.64
1076892,69.343,1965.5673,1909.66603
1076896,29,637.13,308.56
1076935,340.713,3015.31005,3015.31005
1077565,168,16002,14481.6
1077738,87,1311.96,590.73
1077997,67,2029.46,1918.9
1078161,29,1562.23,1417.23
1078298,58,2833.3,2570.56
1078390,29,606.39,204.45
1078391,203,1118.53,1118.53
17526248,119,16053.1,16053.1
17526249,87,5112.7,5112.7
17526250,174,6133.5,6133.5
17526255,37.294,1163.5728,1082.27188
17526257,546,5175.755,4980.625
17526262,46.294,251.19282,239.8758
17526264,3,84.06,84.06
17526265,20,534.4,534.4
17526274,29,1818.3,1818.3
17526289,346.8,7582.908,7481.676
17526290,848,15433.36,15433.36
17526292,29,551.29,485.75
17526293,29,901.61,794.02
17526310,1678.64,12897.9474,11122.4724
17526311,1018.445,7753.66225,7583.30726
17526335,232,15834,14175.2
17526336,111,7881,6068.37
17526357,58,2369.3,2369.3
17526358,47,1786,1786
17526359,135,7382.6,6897.76
17526362,13,241.67,241.67
17526367,29,1336.9,836.36
17526369,43,1559.61,1110.26
17526412,217.343,5127.06635,5029.5587
17526424,241.706,6489.1439,6035.32812
17526425,29,3080.09,3080.09
17526466,13,520,444.6
17526467,158,3397,3397
17526469,1495.343,17674.95426,7043.06553
17526474,29,136.88,128.76
17526477,142.657,6277.36757,6030.63122
17526478,110,5684.39,4773.61
17526497,19.691,895.34977,859.51215
17526501,116,5274.52,5063.4
17526502,43.397,1894.27905,1894.27905
17526523,184,36184.42,35297.6
17526527,112,3852.8,3852.8
17526528,102,3508.8,3508.8
17526529,58,1450,1253.38
17526531,86.5,3525.94,3479.23
17526533,51,2631.6,2631.6
17526535,58,2030,1450
17526544,88.657,2232.93928,2220.28861
17526550,197,4159.39,4121.75
17526552,135,5451.3,5211.41
17526570,79.75,9463.9325,8130.5125
17526583,29,1160,667
17526591,87,4731.64,3770
17526605,99,1442.66,1313.86
17526608,58,3091.4,2411.06
17526634,114.659,1423.00684,1400.19658
17526755,109.828,2234.97668,2206.72132
17526758,1600.495,21278.8849,20947.3449
17526759,94.5,37180.78,35459.74
17526808,4,156.44,156.44
17526818,480,6264,5198.4
17526819,486.875,12556.50625,12556.50625
17526821,29,491.55,424.27
17526839,29,415.57,377
17526842,106,11796.43,11796.43
17526862,83.5,1867.81,1817.785
17526869,87,3025.86,3025.86
17526870,58,2835.04,2835.04
17526887,260.65,3165.288,3160.964
17526889,58,1931.4,1931.4
17526897,87,6433.65,5933.4
17526902,174,4254.3,3659.22
17526903,116,2563.6,2205.16
17526904,58,1418.1,1219.74
17526905,29,872.61,750.52
17526948,64.343,771.81335,734.0945
17526952,58,834.04,756.32
17526958,58,5742.58,5299.46
17526965,14,1700.44,1519.7
17526976,290,217.5,217.5
17526982,29,2985.26,2985.26
17526983,29,2985.26,2985.26
17526985,102,91.6,91.6
17526987,174,1188.42,244.18
17526988,29,124.12,43.21
17526996,135,414.95,132.61
17526997,29,289.71,54.23
17526998,135,334.75,197.35
17527001,95,1543.59,1543.59
17527026,151.164,4169.1276,4166.99616
17527029,29,187.63,101.79
17527034,284,655.03,655.03
17527042,393.999,4254.32922,4254.32922
17527043,156,969.4,969.4
17527045,109,1206.13,1028.7
17527048,872.6,5034.902,5034.902
17527049,309,1127.85,1127.85
17527052,408,2437.53,2437.53
17527053,243,954.99,954.99
17527054,623,14571.97,2099.51
17527055,145,1808.15,387.15
17527061,176.5,3407.145,1062.095
17527062,2266,2998.9,2998.9
17527069,61,1481.08,450.79
17527070,29,662.65,506.63
17527107,58,1496.4,1496.4
17527135,101.5,1736.955,1406.355
17527139,528,2122.56,1124.64
17527141,57,1660.96,1660.96
17527142,108,2656.2,2407.84
17527154,29,2552,1965.04
17527158,37,740,658.6
17527159,177,5154.24,5154.24
17527161,77.343,1177.93389,637.30632
17527162,95.45,3650.611,3594.4175
17530197,51.66,2992.4552,2974.8024
17530198,31426,0,0
17530211,153.8,35583.168,35583.168
17530274,142,5654.58,4838.58
17530277,42,5670,4900.14
17530279,94,3567.09,2895.43
17530280,116,4363.92,4058.84
17530342,87,6765.99,6022.14
17530345,37.97,5119.7692,5119.7692
17530352,84.999,28982.63393,27303.38342
17530354,15.544,607.61496,243.88536
17530355,10.353,402.11052,161.40327
17530356,69.294,2351.1787,2078.59418
17530439,86,5026.7,4691.54
17530440,116,6670,5814.21
17530506,46.85,1468.27525,1365.28125
17530509,103.966,6849.73428,6815.42978
17530514,112307,0,0
17530536,145,9774.45,7540.58
17530538,26,894.4,894.4
17530539,192,13307.52,13307.52
17530551,58,7631.64,7631.64
17530555,87,3915,2857.95
17530558,29,1383.3,1383.3
17530559,145,11667.86,11667.86
17530564,130,2635.1,605.8
17530570,87,2112.36,487.78
17530571,103,1581.05,515
17530574,739,3148.14,3148.14
17530575,87,1056.18,226.2
17530582,159.5,1414.765,733.99
17530583,154.657,20229.1356,18444.39382
17530586,112.67,11608.3901,11608.3901
17530607,29,962.8,704.41
17530623,14.5,124.265,46.11
17530624,163,5028.55,5028.55
17530627,84,2595.6,2595.6
17530641,71.998,2808.64198,2808.64198
17530643,92.8,2607.448,2147.45
17530651,87,5971.68,4766.73
17530656,218.6,6172.2,5512.482
17530668,76,5141.4,5141.4
17530669,87,1345.89,1345.89
17530670,51.5,2678,2678
17530671,23.25,1325.25,1236.9975
17530673,58,1651.84,1339.22
17530676,375,2531.25,2531.25
17530677,213,2171.73,571.88
17530678,144.5,1064.42,502.735
17530683,87,911.18,196.33
17530706,87,1186.68,998.76
17530707,29,414.12,171.68
17530720,87,19285.29,19285.29
17530751,224,1284.64,1284.64
17530776,58,118.9,110.78
17530777,58,110.2,102.66
17530778,29,59.45,55.39
17530794,23,3341.9,3341.9
17530795,95,10846.15,10185.9
17530796,87,6699,4857.21
17530832,87,1044,1044
17532085,115,5327.95,5327.95
17532875,16,448.96,448.96
17532877,45.5,1776.32,505.05
17532888,65,1100.45,1100.45
17532937,26,668.46,336.18
17532938,26,1114.1,541.32
17532941,29,621.18,301.6
17532942,52,2042.56,903.76
17532943,104,4085.12,1644.24
17532944,23,2313.57,2313.57
17532949,58,1761.46,1761.46
17532961,145,1017.9,1017.9
17532963,224,647.36,647.36
17532965,455,1308.5,1308.5
17532966,116,1126.72,366.72
17532967,290,5797.1,3349.5
17532984,154,8080.8,8080.8
17532985,159,9698.4,9698.4
17532991,16,687.04,687.04
17532994,87,1312.83,1312.83
17532997,29,3031.37,2697.87
17533000,145,4182.96,1405.92
17533010,1205,8410.9,8410.9
17533011,116,1231.92,1231.92
17533013,85,2299.17,1106.61
17533014,87,1437.53,980.78
17533016,87,2013.18,2013.18
17533017,29,3335,3335
17533030,58,2.61,2.61
17533031,443.667,3367.43253,3367.43253
17533032,70,4070.4,3602.4
17533069,7,331.1,331.1
17533077,116,3480,3052.54
17533124,29,754,554.19
17533128,87,1288.47,379.32
17533130,29,1368.8,1231.92
17533143,147,1068.69,1068.69
17533144,115,852.15,852.15
17533145,145,1049.22,1049.22
17533146,155,956.85,956.85
17533161,29,2632.62,2427.88
17533162,29,1745.22,1609.5
17533177,137,574.53,574.53
17533214,116,2750.36,2750.36
17533216,58,1065.46,1065.46
17533217,72,1707.12,1707.12
17533221,116,2120.48,2120.48
17533246,116,7164.16,7164.16
17533247,55,3496.9,3496.9
17533248,63,3719.52,3719.52
17533253,180,8780.4,8780.4
17533268,29,7994.14,7289.15
17533309,89,3571.08,2857.08
17533319,160,3788.8,3788.8
17533641,58,2275.92,2275.92
17533689,29,1885,1394.9
17533709,46,603.06,603.06
17533744,68.25,2680.885,2668.36
17533806,29,667,576.52
17533817,125,1377.5,1281.25
17533830,58,3190,3190
17533833,660.5,23550.15,23550.15
17533835,112,814.24,593.72
17533838,95,5128.1,4112.55
17533842,87,1914,1492.92
17533843,87,2784.87,2344.65
17533845,116,6496,5058.76
17533846,203,7963.98,7963.98
17533847,58,3691.7,3691.7
17533848,116,4959,4959
17533849,87,11157.75,11157.75
17533851,29,1597.9,1597.9
17533852,53,3549.94,3549.94
17533892,263,7093.32,4529.72
17533893,44,1716,1124.2
17533894,145,3674.3,3674.3
17533912,81,3089.41,2547.39
17533919,48,2692.86,2300.02
17533964,116,15754.54,7023.22
17533974,175,14223.17,13734.8
17533976,107.233,2243.9252,2241.77925
17533978,108,7746.85,7547.61
17533980,116,5220,3654
17533989,87,96356.85,96356.85
17533990,14,15085.7,15085.7
17533994,67,465.75,445.73
17533995,86,12396.04,12396.04
17534067,49,1353.17,1353.17
17534080,9,20.43,15.66
17534081,22,115.94,88.88
17534082,66,372.9,285.78
17534083,39,439.92,337.35
17534084,77.343,651.72048,546.33274
17534193,87,1566,1224.09
17534258,109,4665.77,4539.63
17534281,58,765.6,765.6
17534282,145,2157.6,2157.6
17534289,87,3026.73,3026.73
17534597,259,914.27,914.27
17534645,127,1790.45,1380.43
17535054,116,589.28,327.12
17535059,906,31233.6,31233.6
17535077,29,1588.62,1588.62
17535147,81,1701,1360.8
17535154,145,3326.3,2594.63
17535155,116,2296.8,1791.04
17535156,145,3117.5,2431.65
17535157,145,2844.9,2219.08
17535158,116,2146,1673.88
17535159,136,4093.5,3192.93
17535160,66,957,746.46
17535161,145,3973,3098.94
17535166,22,716.54,716.54
17535190,17,285.43,230.01
17535204,165,690.06,690.06
17535217,29,739.5,682.08
17535267,58,2557.8,1824.97
17535268,58,2466.45,1927.05
17535269,116,1743.75,1472.63
17535273,87,4350,3697.5
17535276,87,2603.04,2136.72
17535278,140,5422.55,5329.45
17535307,370,3743.74,3733.03
17535321,252,2484.48,2484.48
17535322,234,1216.7,1216.7
17535323,801,19680.57,19680.57
17535325,29,221.56,118.61
17535406,8,46.08,46.08
17535409,78,674.81,671.75
17535417,56,6512.5,5938.75
17535446,29,1102,958.74
17535639,148,4835.27,3808.67
17535652,58,3154.04,1986.79
17535655,116,5162,3252.64
17535659,58,1995.2,1256.86
17535675,87,2914.5,1836.57
17535677,87,3098.94,1952.57
17536504,174,5394,5394
17536509,426,7452.98,7452.98
17536510,96,1680,1680
17536511,306,6058,6058
17536561,29,1615.59,949.46
17536562,58,2475.73,1818.59
17536563,29,516.49,516.49
17536564,58,816.06,816.06
17536566,88,3618.95,2093.52
17536568,116,614.51,370.91
17536569,370,1277.56,1277.56
17536570,173,575.49,575.49
17536572,89.2,8028,6261.84
17536573,136,4093.6,4093.6
17536606,33,1020.78,941.4
17536629,341,1936.34,762.31
17536631,29,783,783
17536639,61,8657.12,8657.12
17536640,12,1013.16,934.92
17536641,200,15794,15794
17536656,66.25,1832.475,1832.475
17536677,29,2370.46,1120.85
17536679,29,90.19,45.24
17536687,29,1278.9,1134.48
17536759,87,1677.36,640.32
17536770,123,2164.8,2142.84
17536774,58,1662.86,1546.28
17536776,7,337.61,337.61
17536783,167,11207.37,9505.64
17536784,44,5280,4488
17536789,46,3440.8,3364.3
17536791,29,1798,1546.28
17536801,25.375,422.24,282.17
17536803,152,9971.2,9971.2
17536805,87,3836.7,2342.04
17536816,104,2970.86,2360.46
17536819,968,3746.16,3746.16
17536833,87,1799.16,1727.53
17537118,104,638.88,606.28
17537139,1102,33886.5,29478.5
17537231,87,1181.75,539.11
17537430,42.214,1670.29082,1656.98486
17537488,29,1707.52,1707.52
17537500,29,1682,1682
17537518,29,2463.55,2463.55
17537569,29,994.99,887.69
17537583,116,0,0
17537584,45,1755,1755
17537585,58,0.29,0.29
17537730,116,3075.16,647.28
17537731,77,186.34,186.34
17537856,163,650.37,650.37
17537872,58,1220.9,287.68
17537874,29,2639,1966.2
17537875,29,2639,1966.2
17538048,29,5447.07,5115.31
17538281,87,6612,5487.96
17538296,493,11062.92,11062.92
17538364,58,817.22,817.22
17538379,78,3291.8,3291.8
17538380,73,2729.47,2729.47
17538381,110.2,3274.1,3274.1
17538386,41,970.06,970.06
17538391,75,2155.89,2091.14
17538392,84,7314.12,6515.08
17538437,145,5652.1,1686.35
17538450,163,5336.62,757.95
17538451,405,1899.37,1350.98
17538452,145,3617.75,626.4
17538457,174,2604.2,2078.14
17538460,43.75,2994.785,2683.6225
17538468,68.353,1112.10331,940.53728
17538494,245.2,3076.348,2078.596
17538495,3420,17350.2,17350.2
17538496,40.17,1440.4962,927.927
17538500,94,1141.16,443.68
17538504,87,5637.6,5637.6
17538579,34,595,517.48
17538646,29,0.29,0.29
17538893,53,2635.69,2635.69
17538899,232,5800,5162
17538994,127.2,4739.472,3696.432
17539033,50,1720,1720
17539037,160.3,3465.132,997.399
17539038,87,1356.33,515.33
17539039,111,10610.66,5075.13
17539045,174,3470.91,3436.26
17539064,87,39.15,39.15
17539066,29,73.66,73.66
17539070,657.717,18777.82035,18777.82035
17539071,30.791,1360.69684,1360.69684
17539072,161.823,3008.53353,3008.53353
17539074,111.853,1700.1656,1307.56157
17539076,29,606.97,546.65
17539104,29,2810.1,2810.1
2127010,81,963.9,963.9
2127109,29,667,477.05
2127121,106.343,4830.09906,3631.50267
2127122,43.5,447.615,367.575
2127185,217,6181,5717.25
2127242,72,4006.8,3724.88
2127312,179.4,7684.376,7114.23
2127424,191,2619.05,2387.9
2127429,188,4286.4,4286.4
2127432,115,3269.45,2430.09
2127495,24,819.36,819.36
2127562,145,4785,4493.55
2127646,155.407,3297.734,2729.85119
2127985,227.5,1176.245,884.755
2128138,522,3879.04,2326.38
2128216,208,5512,3721.12
2128222,1417,8431.15,8431.15
2128223,221.5,1581.035,1515.93
2128229,387.25,10406.525,10397.1975
2128407,52.2,556.742,556.742
2128522,87,3194.64,2945.82
2128634,390,2320.5,2320.5
2128672,49.3,359.89,276.167
2128690,211.711,2631.81388,2527.74068
2128895,342.999,6859.98,6859.98
2128987,937,6090.5,5041.06
2129087,5.8,179.974,163.27
2129237,61,5365.66,4807.96
2129299,43.5,261.435,207.495
2129324,98.157,1513.02743,1474.85937
2129336,97.2,1335.528,1277.694
2129461,66.327,1413.42837,1413.42837
2129557,102,2951.88,2365.38
2129754,46,108.1,108.1
2129947,145,2932.19,2866.94
2130100,37.7,704.99,639.392
2130118,29,370.04,370.04
2130242,131.5,1626.72,1574.23
2130249,95.45,3063.945,3063.945
2130329,29,2241.41,2068.57
2130502,12.497,893.28556,800.43285
2130543,405.645,6702.00705,5891.28879
2130544,240.789,7905.10287,6255.69822
2130750,181,2867.04,2867.04
2130816,19.343,407.75044,321.67409
2131081,692.1,2609.217,2609.217
2131120,90,679.5,603
2131128,29,793.44,705.86
2131421,817,15523,11952.71
2131711,29,324.51,109.33
2131712,240.093,8905.04937,6633.76959
2131754,24,623.76,623.76
2131796,777,13986,11351.34
2132032,29,346.84,346.84
2132033,29,667,667
2132044,167.794,1362.48728,877.56262
2132045,25.897,177.91239,122.23384
2132194,742.9,10239,9905.87
2132413,378,19956.42,18151.5
2132444,38,1006.6,1006.6
2132502,68,278.8,278.8
2132503,67,267.33,265.05
2132504,42,100.92,96.64
2132505,87,223.59,223.59
2133061,131.791,1245.92568,1235.34018
2133062,46.603,1194.90092,923.67146
2133827,2448.493,24128.34591,10482.07052
2133830,76.5,1582.02,1582.02
2133882,58,1276,1027.18
2133943,206,1837.96,1596.36
2134170,29,495.32,495.32
2134470,183.661,2113.93811,2113.93811
2134520,29,744.72,460.52
2134545,29,852.89,852.89
2134566,29,783,610.74
2135315,281,514.23,514.23
2136293,133.1,308.425,277.864
2136743,247,6979.71,6806.91
2136818,620,93,93
2136824,46,9.2,9.2
2137141,338,50.18,50.18
2137526,21,2163.8,2156.93
2137662,409,2750.65,867.37
2137663,47.566,873.31176,272.07752
2137732,44,629.2,497.06
2138018,666,12434.22,12434.22
2138321,760,5076.8,5076.8
2138415,116,3459.12,3043.84
2138416,43.75,2062.825,1919.3975
2139181,124.8,4979.52,4189.536
2145549,368.25,7151.415,7151.415
2145571,29,1015,949.17
2145843,50,238.5,138
2145864,69,33121.23,33121.23
2145982,101.5,1641.255,1641.255
2146019,466.72,10258.5056,9231.7216
2146092,52,858.16,777.47
2146097,83.5,2262.015,2262.015
2146098,85,3196.85,3196.85
2146178,78,2343.12,2343.12
2146277,29,812,633.36
2146285,58,408.32,266.8
2146302,217,2334.92,2334.92
2146332,8,113.68,113.68
2146333,151.482,3109.86958,3060.26198
2146338,330.34,2766.19,2509.1182
2146348,129.572,3693.5346,3592.9746
2146359,89.926,3260.71676,2958.5654
2146362,62.5,1805.625,1805.625
2146437,172,4853.84,4853.84
2146442,239,8850.17,8850.17
2146576,316.25,12527.25,11424.7375
2147295,115.921,3676.4639,3655.20751
2154214,126.2,638.572,638.572
2154235,56,361.2,310.8
2154236,116,674.83,600.01
2154237,6,30.66,30.66
2154238,174,1889.06,1652.42
2154239,87,760.38,712.53
2154240,129,1063.62,1015.77
2154351,69,1028.79,1028.79
2154364,111,2020.2,2020.2
2154391,130,1684.8,1684.8
2154399,14.5,99.18,90.045
2154401,173,5449.5,4496.27
2154402,104,3178.24,3178.24
2154404,267.343,5221.84487,5061.16578
2154420,338.5,6370.57,6370.57
2154423,235.7,3316.152,3080.498
2154429,41.327,370.47263,346.26053
2154437,812,3537.13,3522.05
2154446,29,90.48,80.91
2154447,69.3,1600.995,1328.679
2154449,69.15,424.6515,420.0115
2154463,58,1100.26,739.79
2154465,163,581.4,546.2
2154476,57,1199.94,1197.72
2154477,60.9,1077.031,1035.706
2154478,43.5,943.95,918.575
2154496,43.5,490.97,365.545
2154509,116,1798,1587.46
2154510,29,493,426.01
2154511,29,493,438.77
2154514,76,1637.68,1466.49
2154515,82,1238.2,1238.2
2154525,750.75,6058.5525,5382.8775
2154528,178,5063.5,5063.5
2154541,86,2753.88,2302.86
2154550,87,6089.13,6089.13
2154551,91.6,9778.392,9643.02
2154566,413,5798.52,3609.62
2154569,437,9718.88,9718.88
2154574,82.853,324.78376,269.27225
2154575,174.206,998.53941,990.31672
2154576,58,517.36,428.62
2154583,47,884.24,822.33
2154595,35.335,669.2449,669.2449
2154632,29,642.64,541.72
2154656,64,385.92,385.92
2154674,493,8400.72,8400.72
2154688,58,1030.66,1030.66
2155112,58,2257.07,2257.07
2155117,17,725.22,725.22
2155118,29,1074.45,1074.45
2155119,29,1167.83,1167.83
2155185,145,2031.45,2031.45
2155186,232,4508.05,4508.05
2155188,29,281.88,281.88
2155189,6,80.22,80.22
2155217,21,285.23,274.23
2155267,145,4414.38,3698.37
2155352,29,586.09,586.09
2160852,31,206.46,206.46
2161067,116,6148,4747.59
2161100,60,205.2,205.2
2161243,29,1450,841
2161600,116,3352.4,2878.83
2161666,158.35,1521.7435,1521.7435
2161844,180,1402.2,1356
2161858,29,328.28,256.07
2161887,58,3190,3190
2161889,23,702.05,647.14
2161922,137,1413.84,1413.84
2162176,29,910.89,910.89
2162179,29,1205.82,1205.82
2162333,55,816.75,670.45
2162382,23,304.98,304.98
2162652,83.5,1128.505,1090.66
2162735,87,1686.06,1601.67
2162799,87,5872.5,5285.25
2162829,29,1781.18,1781.18
2162855,42.2,214.578,193.268
2162900,1058.7,36292.236,36292.236
2163009,29,319,295.22
2163010,116,1053.28,713.69
2163414,1136.667,23392.60686,23392.60686
2163421,273.5,2208.16,2187.1
2163500,163.843,1980.65732,1864.23237
2178435,29,2603.62,2603.62
2178443,131,3189.85,3189.85
2178622,145,5174.18,4749.04
2178674,29,749.65,502.86
2178876,878.5,14111.8,13296.13
2179024,1160,22620,21122.4
2179042,1595.4,24122.448,12034.932
2179043,631,9493.74,4664.39
2179065,26,398.58,284.7
2179066,87,1829.61,1306.74
2179549,24,235.96,235.96
2179556,108,1102.64,704.32
2179615,268,3915.48,3915.48
2179632,29,422.82,422.82
2179724,58,1305,1305
2179748,87,3638.34,3355.59
2179749,116,7690.8,7092.24
2179751,29,1305,1305
2179755,180,7280.08,7097.04
2180580,62,860.56,860.56
2181783,58,748.2,748.2
2181816,29,1109.83,1109.83
3230555,45.5,561.925,561.925
3230668,58,1044,1044
3230687,162.505,2761.55145,2748.04145
3230706,651.343,13726.01321,13708.95054
3230916,960,24092,23785.68
3230964,437.95,63275.016,63275.016
3231165,185,750.562,743.73
3231168,395,14131.44,14131.44
3231267,30,1485.46,1471.18
3231460,36.2,4455.726,4062.768
4280598,46,816.04,816.04
4280615,84,74.84,74.84
4280801,87,624.37,624.37
5329788,103,197.76,197.76
5330216,29,1278.32,1185.52
5330683,6.438,172.34526,156.31464
5330782,69,460.92,460.92
5330860,70,3114,2433.96
5330861,58,2842,2188.34
5331260,116,6888.08,6199.04
5331280,63,2457.63,2457.63
5331332,50,298,83.5
5331449,522,1284.12,1284.12
5331460,134,7102,5468.54
5331478,92.843,756.84878,754.66943
5331479,43,494.93,494.93
5331527,62.668,375.35771,358.00529
5331561,23.2,620.368,553.552
5331562,16.1,498.557,456.803
5331563,72.4,2098.66,1977.21
5331765,4.843,35.11175,11.57477
5331848,107,4786.9,4640.89
5331889,124,119.04,119.04
5331895,79,3697.99,3697.99
5332052,29,343.07,343.07
5334368,29,661.49,379.61
5334465,116,4104.08,3208.56
5334473,91,4966.94,4852.94
5334476,29,1907.62,1760.3
5334477,53,6193.28,5868.38
5334482,180.062,4458.6653,4445.40286
5335232,578.1,12718.2,10012.692
5335520,245,5130.3,5130.3
5335782,24.249,708.75786,632.43078
5335974,318,3873.3,3805.98
5335993,29,2842,1989.4
5336014,29,679.76,679.76
5336015,29,679.76,679.76
5336105,19.125,1120.725,1034.28
5336119,1,36.33,36.33
5336126,61,937.79,877.52
5336328,763,26056.45,26056.45
5336355,56,0,0
5336415,647,25009.05,24929.97
5336416,207,3312,3064.32
5336568,419.15,2508.2975,2410.1805
5336630,224,936.32,851.2
5336632,116,916.4,831.72
5336633,178,2342.94,2124.6
5336640,1649.25,21473.235,21473.235
5336858,118,4082.8,4071.54
5336860,46.461,2874.68539,2851.85159
5336927,29,2294.48,2088
5336944,284,6051.28,5790.92
5336945,382.33,7526.0929,7471.3265
5336974,15,353.7,328.5
5337334,133,3679.41,3307.92
5337335,270,8029.8,6836.4
5337477,58,352.06,286.81
5337633,174.72,4780.3392,4244.3856
5337743,58,1123.46,1123.46
5337744,29,533.6,533.6
5337765,95,3964.4,3964.4
5337794,35,1037.45,729.18
5337819,99,1365.99,1335.75
5337820,64,1449.88,1449.88
5337850,145,5009.75,4307.95
5338784,177.836,1452.05832,1410.45192
5340402,29,205.03,184.44
5340425,247,3514.81,3514.81
5340841,29,232.29,197.49
5340877,58,2957.42,2513.72
5340903,122.142,905.57316,771.19164
5340904,97.502,421.2341,370.05732
5340905,1.044,6.84864,5.50188
5341230,179,467.99,450.17
5341235,135.843,1652.01051,874.64476
5341236,1421.343,10702.71279,4832.5662
5341239,139.343,2340.9624,2016.29321
5341240,175.457,1164.58883,1022.04562
5341270,190,4651.2,4651.2
5341353,75.4,1099.97,1029.906
5341366,51,1053.33,895.83
5341432,65,382.85,382.85
5341476,87,1124.91,359.31
5341693,87,4021.14,3619.2
5342042,3139,0,0
5342056,785.657,18272.15224,18240.265
5342124,107,933.04,933.04
5342172,1046,16656.16,16582.06
5342326,504,13356,9675.68
5342411,113,2408.03,2408.03
5342680,76,2652.4,2652.4
5342698,291.309,3092.48065,3043.28282
5342819,497,665.98,665.98
5342879,236,4602,4558.32
5343014,23,79.35,79.35
5343028,110.919,739.47848,726.92163
5343030,29,743.27,690.49
5343054,232,2433.1,1440.14
5343230,116,2784,2505.6
5343232,87,2763.7,2487.33
5343238,244.5,6136.95,5525.7
5343385,116,531.28,531.28
5343389,58,852.02,852.02
5343390,29,317.26,317.26
5343392,29,616.83,616.83
5343394,464,1285.28,1285.28
5343395,368,176.64,176.64
5343400,87,872.61,872.61
5343401,168,4733.8,4733.8
5343463,33.35,192.705,173.855
5343504,58,638,638
5343574,29,666.42,615.67
5343652,87,1979.54,1979.54
5343665,87,4876.35,4876.35
5343671,29,913.5,913.5
5343711,58,2534.6,2534.6
5343720,58,1708.1,1708.1
5343756,58,2204,2204
5343759,112,4135.26,4135.26
5343861,29,1966.49,1356.91
5344007,29,791.7,680.92
5344216,29,1510.32,1286.73
5344219,87,2959.74,2520.39
5344220,29,986.58,840.13
5344224,53,2938.02,2849.05
5344257,29,201.26,153.41
5344498,85,2091.25,1688.75
5344499,58,2320,1786.4
5344500,145,3045,2344.65
5344501,319,6699,5225.22
5344508,29,435,343.65
5344509,29,464,361.92
5344510,58,899,711.95
5344511,116,2378,1836.57
5344512,654,15696,12085.92
5344535,58,310.88,310.88
5344537,29,480.53,480.53
5344538,52.5,1671.825,1641.9
5344543,58,3422,3079.8
5344659,467,1503.74,1503.74
5344660,53.375,918.05,918.05
5344748,29,559.99,313.49
5345082,131,4189.38,4189.38
5345086,316,2815.56,2695.21
5345103,87,1942.71,1440.72
5345190,116,2073.5,1557.01
5345326,52,1318.2,1171.84
5345348,116,5684,4376.68
5345393,496.343,12471.67621,12102.08635
5345427,29,138.91,98.6
5345460,75,900,801
5345522,29,195.75,93.96
5345529,145,11056.25,9894.8
5345614,10,240,160.8
5345868,58,867.1,867.1
5345916,58,1635.02,1519.02
5345921,87,3254.67,3020.64
5345922,60,2244.6,2085.48
5345952,58,3135.48,2891.3
5345960,29,1183.2,1091.27
5346015,58,2144.84,2144.84
5346062,58,1720.86,1720.86
5346083,116,2692.36,2595.5
5346088,29,1331.1,1227.57
5346142,87,1341.54,1153.62
5346228,87,1783.5,1783.5
5346335,115.4,2723.702,2719.694
5346581,29,1644.3,1644.3
5346641,605.6,19379.2,17836.672
5346642,29,111.36,101.21
5346718,31,620,269.7
5346757,58,893.2,408.32
5346898,58,361.92,214.02
5346901,29,94.54,55.97
5347028,29,626.4,626.4
5347043,42,449.2,449.2
5347046,29,635.1,635.1
5347079,29,294.06,150.51
5347232,87,3480,2714.4
5347374,77.993,1956.06444,1956.06444
5347659,29,1116.21,993.54
5347699,90,2359.8,2359.8
5349517,50,725,623.5
5350289,58,481.98,327.12
5350480,464,19552.96,19552.96
5350489,87,2871,2089.45
5350493,52.665,2738.58,2343.7414
5350551,58,2082.78,1628.64
5352529,4,11.4,4.92
5352531,29,976.14,900.16
5352906,203,5728.08,5728.08
5352907,72,2291.76,2291.76
5357489,58,3074,2397.72
5357508,26.1,1435.5,1119.69
5357511,55.1,1653,1289.34
5357512,37.7,4033.9,3146.442
5359630,29,118.03,118.03
5361325,49,267.05,267.05
5362457,52,512.72,512.72
5362516,218,529.74,529.74
5362517,174,445.44,445.44
5362518,158,383.94,383.94
5362521,29,135.14,135.14
5362526,29,121.51,121.51
5362555,14.5,107.3,65.395
5362941,103,535.6,535.6
5362942,54,259.74,259.74
5362972,87,439.35,439.35
5362978,199,1006.94,1006.94
5363458,58,2498.06,2002.16
5363467,58,290,8.7
5363747,1174,199.58,199.58
5363879,167,4568.31,3972.99
5363912,145,3944,3944
5364156,29,453.85,453.85
5364193,54,1520.64,1520.64
5364201,146.62,5458.5768,5265.1874
5364202,5.22,254.1618,191.8872
5364302,29,7250,5655
5364521,116,6965.8,6406.68
5364724,298,77.02,74.22
5364914,51,5296.86,5296.86
5364915,259.4,48034.358,45109.256
5367346,48,1761.21,1650.85
5367372,125,1875,1462.5
5367373,78,1248,973.44
5367460,68,338.42,310.58
5367601,145,7049.9,5723.15
5367655,63,2365.02,2365.02
5367710,80.852,4901.89216,4854.08884
5367750,175.657,5051.97956,4904.4873
5367751,548,11224.2,11224.2
5367816,116,203,161.24
5367819,395,8441.15,8441.15
5368102,144.534,3071.3475,3071.3475
5368109,43.5,1414.62,1177.69
5368137,1505,14601.5,13862
5368287,45.559,1604.13239,1412.78459
5368399,29,870,678.6
5369022,11,281.6,281.6
5369056,219,3666.06,3264.98
5369100,29,2031.16,1562.23
5369129,307,7273.11,6977.74
5369141,87,3053.7,2452.82
5369167,81,2304.88,1547.4
5369173,29,794.6,715.14
5369174,25,720,720
5369357,116,5022.8,4717.72
5369494,108.14,2934.9196,2934.9196
5369654,44,5286.62,5012.82
5369730,87,2349,1832.22
5369732,38,704.52,704.52
5369895,250,5125,5125
5369908,87,1174.79,1135.06
5369990,29,303.63,303.63
5370542,39,947.7,947.7
5370550,29,678.6,678.6
5370566,405,10971.45,10971.45
5370642,72.5,1460.44,1392.87
5370664,29,1491.18,1183.49
5370775,29,2162.82,1903.27
5370865,29,1600.51,1360.39
5370913,123,2309.94,2309.94
5370961,45.559,632.81451,574.49899
5371206,58,754,588.12
5371237,58,2175,1920.67
5371242,87,2766.6,2766.6
5371367,70,3348.22,3348.22
5371451,50.5,5209.165,4599.105
5371453,162.7,2214.716,2190.444
5371456,87,1522.5,1522.5
5371709,102,775.2,775.2
5371710,36,465.84,465.84
5371712,48.343,2390.82409,2043.04855
5371764,58,247.66,247.66
5371892,23,1035,1035
5371893,110,6015.85,5653.06
5371895,87,4880.7,4501.38
5371989,331.343,13628.3213,12976.4213
5372116,29,890.3,818.96
5372140,56,270.48,245.28
5372157,116,1493.5,1419.26
6421188,54,2282.01,2177.26
6421204,1986,1707.96,1707.96
6421501,58,1334,1040.52
6421581,45.559,677.00674,589.98905
6421768,185,493.95,493.95
6421802,87,606.39,521.13
6421825,43.5,701.945,606.1
6421829,1623,11555.76,3895.2
6421836,116,9806.64,7646.72
6421838,87,4970.6,4063.48
6421960,176,9117.92,8328.83
6422071,116,812,633.36
6422073,21.5,150.5,117.39
6422074,29,232,180.96
6422283,116,1012.68,1012.68
6422426,17.4,613.002,570.024
6422471,383.457,3165.38126,926.85427
6422546,29,971.21,971.21
6422561,127.5,2868.75,2727.9
6422575,85,4020.5,3775.7
6422661,69,406.83,345.21
6422675,61,908.4,903.72
6423088,160,1356.46,1253.54
6423125,58,572.46,507.21
6423127,58,1313.12,980.78
6423461,58,812,557.96
652353868,58,399.04,399.04
652353870,598,15548,15539.68
652353882,145,3607.31,2685.11
652353883,145,4278.95,3184.2
652353884,29,855.79,636.84
652353908,331,2246.01,2136.39
652354037,40,136.4,136.4
652354038,177,4062.21,2277.48
652354039,22,66.66,66.66
652354040,83,743.24,271.99
652354055,55,353.65,353.65
652354058,68.34,3622.02,3622.02
652354062,101.75,1651.92,1583.9475
652354063,58,1256.86,927.42
652354072,66,1734,1498.34
652354086,180.943,5260.76542,5176.26911
652354095,116,30388.52,28537.45
652354097,218.928,1712.01696,1462.43904
652354108,58,734.86,690.78
652354158,121.8,5243.49,3643.502
652354162,216,2377.89,2338.47
652354163,137,2633.24,2633.24
652354164,71,4154.21,4154.21
652354165,108,5781.36,5781.36
652354166,109.343,8239.2859,5996.35759
652354168,142,530.33,530.33
652354298,147.829,1987.08157,1699.23157
652354324,211,6416.51,2580.53
652354325,101.005,3606.88855,1348.66715
652354858,361,5070.48,2651.88
652354859,116,3075.16,658.88
652354860,29,7696.31,2909.86
652354861,29,685.27,215.18
652354865,2602.343,66975.87333,66784.09639
652355406,35,22.57,16.48
652355407,208,287.18,253.88
652355413,29,466.9,466.9
652355414,116,1728.4,1728.4
652355415,58,824.18,824.18
652355416,145,2230.1,2230.1
652355417,145,1904.72,1904.72
652355418,116,1496.4,1496.4
652355419,29,373.52,373.52
652355420,58,591.02,591.02
652355421,29,677.73,677.73
652355423,174,2850.12,2850.12
652355424,58,1030.08,1030.08
652355425,76,1426.52,1426.52
652355429,8,293.2,293.2
652355441,29,410.93,410.93
652355484,724.002,9573.16014,9570.17418
652356028,29,760.96,510.4
652356164,261,4109.59,1185.81
652356206,290,7041.2,3333.55
652356207,319,8884.15,3741.58
652356208,174,4224.72,2354.22
652356209,203,10147.97,3741.29
652356210,89.15,501.9145,501.9145
652356211,53.25,1085.01,737.445
652356222,531.8,7681.94,7681.94
652356223,83,1452.5,1452.5
652356224,685,11888.8,11888.8
652356225,29,507.5,507.5
652356492,70,496.74,402.06
652356495,232,7595.68,6296.48
652356513,36,941.4,941.4
652356595,116,3555.4,2010.28
652356596,58,4905.06,4905.06
652356598,439.343,18208.86948,14662.11098
652356600,60.343,1544.33482,1486.68988
652356601,170,1674.5,1674.5
652356603,11.6,288.724,288.724
652356622,102,4788.57,3994.77
652356626,81.521,37201.99549,37185.05021
652356629,59,15611.55,14816.05
652356630,53.6,13530.48,13315.764
652356631,107.735,3143.0722,2851.9818
652356634,204,571.2,571.2
652356742,1653,1157.1,1157.1
652356799,35,143.15,143.15
652356815,46,2389.92,1921.92
652356816,116,5800,4060
652356917,68,2529.6,2529.6
652356918,84,2732.52,2732.52
652356919,15,456.15,456.15
652356925,119.134,1482.1013,1365.2013
652356928,51.794,1152.93444,1045.72086
652356936,116,3477.1,2446.15
652356964,119,8861.62,8153.22
652356965,16,1128.8,1128.8
652357047,92.834,5522.37134,5522.37134
652357068,177,1303.92,1253.7
652357070,32,830.4,830.4
652357071,46,1871.4,1871.4
652357308,95,3040,3040
652357314,143,5667.18,1557.24
652357519,753.431,11043.1236,9701.1151
652357529,16,792,538.56
652357537,38,1353.74,1311.38
652357547,58,897.84,897.84
652357548,58,698.32,698.32
652357549,87,3666.18,3666.18
652357550,87,1346.76,1346.76
652357554,58,1745.8,1745.8
652357557,145,4189.92,4189.92
652357633,116,3601.8,3601.8
652357634,174,7218.1,7218.1
652357635,87,4876.35,4876.35
652357649,87,4947.4,4947.4
652357669,38,373.92,373.92
652358252,102,2454.84,1433.72
652358253,1,15.68,15.68
652358291,116,7272.04,7272.04
652358292,952.334,41069.66128,41038.43785
652358295,203,1339.8,1258.6
652358713,29,14427.5,13990.47
652358716,29,2534.6,2534.6
652358717,87,5661.96,5661.96
652358718,87,4789.35,4789.35
652358719,58,4132.5,4132.5
652358720,29,1873.4,1873.4
652358721,29,4104.95,4104.95
652358739,152.362,24686.76616,24620.66498
652358814,116,3628.48,3071.68
652358815,112,5475,4731.52
652358838,87,5133,4012.15
652358839,377,10556,8152.48
652358842,58,4176,3257.28
652358843,87,6264,4885.92
652358844,58,2552,1990.56
652358851,87,4437,3430.12
652358852,58,1798,1402.44
652358867,290,6525,6525
652358908,58,5707.78,5241.46
652358909,80,8471.68,7261.44
652358910,29,2946.98,2361.76
652359003,61,124.43,79.31
652359010,29,2261.13,1088.37
652359012,856.873,12432.21385,12259.23042
652359515,145,2830.4,2270.555
652359517,58,114.84,107.88
652359719,58,2928.42,2700.48
652359722,58,2378,1854.84
652359723,145,8582.84,8582.84
652359790,29,1041.68,1041.68
652360066,116,3105.32,2823.44
652360067,87,2434.26,1917.48
652360068,29,811.42,639.16
652360069,58,1622.84,1278.32
652360070,124,7372.8,7372.8
652360076,73,0,0
652360077,29,95.12,85.55
652360094,2,34.2,28.78
652360189,294,1605.2,1605.2
652360190,215,1492.1,1492.1
652360193,245,1698.09,1698.09
652360194,299,2069.72,2069.72
652360196,228,1580.41,1580.41
652360197,306,2122.29,2122.29
652360199,87,645.54,645.54
652360200,58,400.78,400.78
652360216,232,8781.2,4094.8
652360217,116,3562.36,2134.98
652360218,203,6087.97,3476.52
652360219,228,2372.04,1406.92
652360220,97,296.82,296.82
652360297,58,928,881.6
652360371,173,1303.99,1045.76
652360372,461,3111.75,3111.75
652360374,174,5684.58,5286.12
652360609,87,8765.25,8765.25
652360610,116,11014.2,11014.2
652360611,116,11934.66,11934.66
652360780,58,639.45,580.29
652361205,29,785.9,714.85
652361689,87,1040.52,1040.52
652362133,116,995.28,995.28
652362742,145,6670,5692.7
652363080,29,507.5,296.09
652363981,116,5920.64,5370.8
652364194,971,30217.52,28100.74
652364195,582.904,8643.51488,8639.83323
652364196,42,339.5,317.38
652364197,53,411.43,396.42
652364201,72.657,341.95239,337.22046
652364202,24,171.67,166.56
652364259,64,2553.6,2553.6
652364283,85,1943.2,1777.45
652364284,170,2998.8,2163.18
652364285,116,2808.36,2096.7
652364286,145,2982.65,2214.44
652364505,29,890.59,559.41
652364589,230.794,8139.9137,7104.79234
652364590,55.941,2756.77248,1291.11828
652364591,55.883,2099.58215,1601.53523
652364626,316,495.99,495.99
652364701,853,1876.6,1876.6
652364720,69.6,1635.6,1055.136
652364732,56,140.36,131.52
652364767,29,73.66,73.66
652364773,285,573.18,573.18
652364807,232,531.28,531.28
652364812,71,4214.56,2712.2
652364837,232,11959.6,11959.6
652364878,99,777.51,471.51
652364880,116,10282.24,10282.24
652364900,163,2577.03,2216.8
652364901,77,1100.33,883.41
652364902,185,6878.3,6878.3
652364904,87,5742,4421.34
652364905,87,3625,2814.45
652364925,29,874.06,874.06
652364937,26,305.7,69.7
652364938,27,134.46,43.47
652364939,46,72.68,72.68
652365022,1718.5,27632.99,25076.845
652365163,58,2088,2088
652365164,29,214.02,214.02
652365194,563.5,2899.72,2788.005
652365195,58,93.96,93.96
652365196,192,462.72,462.72
652365197,450.5,4648.465,4633.72
652365198,87,714.27,173.13
652365199,26,48.19,30.14
652365200,169,258.57,258.57
652365292,69,1247.52,1247.52
652365295,49.706,2497.23118,1781.01064
652365296,8,231.28,231.28
652365924,603.661,2496.76493,2493.34993
652365925,239,3446.34,2312.1
652365926,260.237,2697.88393,2519.98012
652366346,51.989,2683.54356,995.28737
652366375,141,2175.91,1532.41
652366376,28,189.44,110.14
652366377,319,9946.42,6389.57
652366765,85,2999.31,2996.57
652366768,16,249.6,249.6
652366769,45,2860.45,2780.25
652366775,36,2633.04,2633.04
652367196,430,12470,8479.6
652367206,230,2155.72,1504.38
652367207,135,1379.44,1019.08
652367208,77,401.94,401.94
652367209,232,7869.44,2890.72
652367210,100,1308.32,823.76
652367211,203,4057.97,1010.94
652367212,145,1760.3,636.55
652367213,58,704.12,276.66
652367217,81,461.7,461.7
652367218,145,4224.43,1758.85
652367219,86,524.6,524.6
652367222,58,704.12,180.96
652367223,29,352.06,98.6
652367224,29,393.24,101.5
652367226,27,1000.6,1000.6
652367227,79.65,1226.61,1226.61
652367228,117.8,1426.558,1426.558
652367278,56,1812.16,1812.16
652367279,174,4680.6,4680.6
652367280,110,2550.9,2550.9
652367283,145,2484.14,954.1
652367284,138,305.89,305.89
652367286,69,837.66,720.36
652367287,58,13262.28,5454.9
652367288,1382,5225.71,2309.52
652367289,29,279.56,101.5
652367290,58,2609.42,1262.08
652367318,346.716,5421.4708,5021.15572
652367320,116,3976.48,766.76
652367500,164,2392.76,2392.76
652367633,87,844.77,825.63
652367636,58,3190,2511.98
652367787,213,424.96,424.96
652367858,62,1318.74,1318.74
652367862,251,3387.21,1898.25
652367867,58,4582,3207.4
652367879,504,3502.8,3502.8
652367880,265.503,4559.65131,4506.78545
652367881,28,260.02,257.2
652367883,84,1191.12,1191.12
652367888,341,4469.29,4469.29
652367894,134.722,5581.53246,5246.07468
652367895,209.887,9593.93477,9018.84439
652367896,115.989,4686.73228,4554.16033
652367916,87,4463.39,4463.39
652367917,29,899,701.22
652367918,145,8141.46,8141.46
652367921,29,2231.55,2231.55
652367955,145,3770,3506.1
652367956,111,8025.6,7413.6
652367969,154,1101.2,1101.2
652367970,169,2691.05,1083.61
652367971,425,8946.25,3230
652367975,145,1989.98,1084.6
652367976,202,1018.08,1018.08
652367977,58,1118.24,404.26
652367984,83.327,2398.7294,2364.97494
652368007,18,6049.98,6049.98
652368146,2,3350.22,3350.22
652368150,37,268.62,268.62
652368151,85,614.55,614.55
652368153,12,18.24,18.24
652368157,87,6666.81,5338.03
652368160,116,4640,3350.08
652368162,145,1966.78,1145.5
652368163,221,4379.66,2519.84
652368164,116,1946.48,1186.68
652368165,232,5143.73,1346.76
652368166,130,1925.3,609.7
652368176,290,3770,3770
652368202,29,1450,1131
652368216,518,162.41,160.61
652368377,412,157.24,60.76
652368378,87,1179.72,766.47
652368382,29,595.08,539.98
652368383,77.343,1542.99285,1399.9083
652368400,29,1804.67,1804.67
652368401,58,3774.64,3774.64
652368425,593,8450.25,6700.9
652368450,116,3664.44,3664.44
652368514,87,4628.4,4386.54
652368598,116,16240,12017.6
652368847,29,1331.1,1227.57
652368852,29,1449.42,1336.61
652368859,70,9056,7710.26
652368939,131,2848.51,674.38
652368940,181,7780.38,3703.95
652368941,29,140.65,46.98
652369072,178,792.1,792.1
652369166,267,4035.28,3320.88
652369167,1836.5,36691.26,34005.23
652369340,29,934.38,610.16
652370693,58,180.96,103.24
652371159,65.148,1297.74816,1177.87584
652371209,29,2668,2319.42
652371241,87.008,2137.59584,1782.79424
652371252,146,1090.28,1090.28
652371263,47.647,826.36254,710.3782
652371313,145,10150,8881.25
652371324,145,8570.95,3891.8
652371325,159,1374.66,1360.94
652371328,872,905.68,905.68
652371330,58,1408.24,667.87
652371331,39.5,364.125,273.79
652371332,216,3751,726.13
652371347,18,404.64,404.64
652371361,26.625,2489.01375,2489.01375
652371384,52,1408.12,1277.56
652371386,237,511.92,511.92
652371418,115,2094.15,2094.15
652371419,44,293.04,293.04
652371487,116,2029.71,1143.47
652371488,134.164,825.12192,506.29404
652371497,24.5,3828.125,3828.125
652371501,46,207.46,207.46
652371526,87,4825.02,4431.49
652371527,58,3132,3132
652371528,79,3965.54,3965.54
652371529,87,3388.65,3388.65
652371546,4,283.6,283.6
652371548,55,2330.95,2146.75
652371556,58,13337.1,13337.1
652371560,93,419.43,419.43
652371562,8,122036,122036
652371586,1264.336,29801.74256,26730.00944
652371588,174,3480,1395.48
652371589,87,1056.18,377.58
652371639,123,2493.21,539.97
652371640,58,1159.42,1024.28
652371644,39.353,13328.46757,12547.31052
652371652,94,822.5,722.54
652371670,65,2741.32,2741.32
652371674,150,7632.81,7231.59
652371677,116,19731.6,19731.6
652371679,45,2079,2079
652371685,34.8,674.424,495.262
652371690,58,3016,2593.76
652371704,334.5,2505.405,2505.405
652371705,264,2776.64,2024.64
652371706,119.875,1592.10125,936.845
652371707,140,1008.92,1008.92
652371715,377,7917,7879.2
652371880,29,1086.63,985.71
652371882,52.7,1138.776,1119.288
652371883,56.279,2277.61113,2066.00209
652371884,29,896.1,813.16
652371885,54,848.34,769.5
652371886,268,5258.16,5258.16
652371916,194.4,13402.536,11141.928
652371920,103.311,3684.83225,3608.70935
652371942,152,814.72,814.72
652371943,77,583.9,387.86
652371944,87,972.95,440.22
652371945,79,932.65,401.47
652371946,145,1500.75,700.35
652371947,145,3457.96,1715.06
652371948,109,2646.52,1291.19
652371949,82,709.86,477.28
652371950,87,1118.24,520.55
652371951,92,1118.62,539.72
652371952,87,532.76,475.29
652372068,73,1124.75,988.64
652372070,116,3245.68,2415.12
652372072,87,2567.37,1910.52
652372075,127,3225.8,2401.57
652372078,28.343,35183.40841,35183.40841
652372079,29,12760,12272.51
652372080,20.329,25028.85623,25028.85623
652372085,29,1588.62,1441.01
652372087,3.103,80.18152,50.51684
652372093,6,222024.36,222024.36
652372099,85,912.05,912.05
652372100,52.2,8732.538,8208.45
652372101,40,150,150
652372189,87,4015.05,3145.34
652372190,87,5259.15,4207.32
652372192,87,6916.5,5394.87
652372219,48,837.6,827.84
652372320,29,1568.9,985.71
652372359,190,3526.4,1768.9
652372360,171,11553.17,2959.71
652372361,135,980.1,980.1
652372362,87,1739.13,833.46
652372363,116,9528.24,4448.31
652372365,232,1793.07,559.41
652372661,46,2163.38,2163.38
652372663,4,91.08,91.08
652372763,1682,0,0
652372917,29,0,0
652372976,29,352.06,147.32
652372982,72.5,2924.65,2761.525
652372985,87,2029.42,1079.67
652372986,116,1717.96,560.28
652372987,294,2159.76,2159.76
652373008,58,2355.96,1456.96
652373012,19.343,206.38981,160.93376
652373135,1576,30369.52,30369.52
652373176,290,16609.46,10788.87
652373182,41,749.48,712.17
652373183,43,589.1,559.43
652373230,29,56.55,56.55
652373252,152,3084.08,3084.08
652373289,116,3600.06,2056.97
652373290,115,1766.54,455.1
652373295,32,2047.68,1830.72
652373299,48.343,1582.26639,1352.63714
652373301,58,652.5,652.5
652373305,153.294,2434.5036,2430.85424
652373306,120.75,3018.75,3018.75
652373314,58,3422,2634.94
652373318,101,1401.56,335.06
652373319,116,3075.16,897.84
652373460,62,1412.17,1405.39
652373461,174,4350,3834.38
652373465,61,2129.6,1882.6
652373470,55,2899.7,2689.56
652373505,79,606.62,606.62
652373506,47,356.73,356.73
652373508,57,1110.47,1059.14
652373549,108,6596,4677.2
652373550,145,6090,4445.7
652373552,145,1655.9,187.05
652373553,87,900.45,274.63
652373556,66,474.54,474.54
652373557,29,341.04,309.14
652373582,116,4903.9,4903.9
652373583,197,7206.26,7206.26
652373584,145,8733.35,8733.35
652373585,87,4049.85,4049.85
652373586,488,16226,16226
652373597,87,4942.18,4264.74
652373599,158,9133.88,9028.96
652373701,66,1452,1452
652373707,74,2540.36,1389.93
652373708,44,465.08,465.08
652373709,131,1461.33,1032.71
652373713,116,480.24,134.56
652373714,102,4590,2052.24
652373715,44,220,220
652373716,151.164,4007.35764,628.84224
652373718,69.14,1186.4424,1186.4424
652373719,62.294,1377.32034,1248.9947
652373720,100,1472,1472
652373994,242,5257.88,5239.18
652373995,125.75,4265.9175,4236.5925
652374007,87,5235.66,4828.5
652374015,58,2636.1,2636.1
652374016,29,722.97,722.97
652374185,1003,22868.4,22868.4
652374190,137,3820.86,3335.96
652374195,87,1921.83,1430.28
652374246,9,80.37,15.21
652374247,58,302.18,73.08
652374248,110,924,924
652374249,79,902.97,357.87
652374250,87,1739.42,815.19
652374251,116,1408.24,477.92
652374252,51,173.96,147.23
652374253,64,455.4,455.4
652374254,116,607.16,607.16
652374263,100,3089,3089
652374443,5.8,4296.35,4251.226
652374501,145,2782.55,1647.2
652374504,550,2274.3,2026.06
652374506,118,1246.44,572.58
652374598,217,27592.08,27496.08
652374761,58,4931.74,4931.74
652374813,232,2607.68,2431.36
652374815,145,1525.4,1422.45
652374828,129.5,3905.905,3831.72
652374830,147,9678.48,8759.73
652374832,21,501.06,445.83
652374868,87,6655.5,6137.85
652374869,58,3845.4,3546.12
652374876,64.5,636.05,589.505
652374881,29,766.47,324.22
652374882,29,352.06,100.05
652374883,39,116.53,91.57
652374884,261,5218.26,1864.41
652374885,87,2265.99,787.9
652374886,113,992.39,134.74
652374887,29,258.68,34.8
652374888,87,1397.51,136.59
652374889,87,2796.18,950.04
652374890,87,2796.18,1081.41
652374891,87,2796.18,983.1
652374896,168,3606.9,2694.84
652374926,14,651,651
652374999,216,1632.96,1632.96
652375001,134,1172.05,1172.05
652375002,268,1109.52,1109.52
652375003,355,1295.75,1295.75
652375026,22.547,10492.02098,10492.02098
652375028,30,126,88.8
652375034,109,1323.26,348.8
652375035,116,1574.12,715.72
652375036,58,704.12,314.36
652375037,29,352.06,167.62
652375038,58,704.12,325.96
652375100,58,7250,5582.5
652375101,58,7830,6029.1
652375161,371.573,7365.96405,6689.62973
652375164,435,6094.35,5485.35
652375166,116,1449.71,813.16
652375169,58,6733.8,3836.12
652375186,8,239.12,239.12
652375187,29,844.77,766.18
652375190,116,3343.41,3098.07
652375337,170,42464.24,41987.19
652375384,105,1470,522.62
652375385,114.25,3427.5,3412.425
652375407,145,1926.18,1001.08
652375408,87,1397.51,370.33
652375426,16,47.68,47.68
652375428,29,469.8,344.81
652375434,55,3549.6,3312
652375436,60,4053.46,3750.12
652375437,6,369.06,369.06
652375455,464,4677.12,4677.12
652375458,150.8,3721.744,3376.412
652375459,29,521.71,473.28
652375492,29,1015,796.92
652375504,174,17185.98,7074.26
652375505,87,528.96,158.34
652375507,101,1700.17,724.42
652375509,40,2228.4,1544.8
652375510,26,250.2,250.2
652375511,233,1005.07,1005.07
652375518,515.428,6251.13288,5951.0862
652375519,467.996,7732.5904,7629.51744
652375521,31,341.93,341.93
652375590,50,1297.7,1077.9
652375598,4,26.08,11.2
652375610,397.341,2915.56953,2914.99953
652375614,46,1457.74,1385.06
652375615,25,1020.25,969.25
652375634,53,176.49,176.49
652375675,1852.296,37842.40728,37842.40728
652375676,350.293,2402.49724,2126.36724
652375678,58,2535.18,2268.96
652375679,49,2441.18,2441.18
652375686,102,6936,6936
652375712,297,8206.11,8206.11
652375763,300,450,450
652375766,145,20387,20387
652375768,58,554.48,554.48
652375770,904,25112.92,24594.96
652375771,87,3344.86,3273.81
652375846,166,88069.64,88069.64
652375865,402,683.4,683.4
652375866,75,4398.05,3593.85
652375870,583.332,26019.89376,20767.88916
652375914,33.147,622.37944,607.782
652375915,319.858,8104.05544,7689.13062
652375923,12,90,90
652375938,116,3132,2052.04
652376226,53,4355.54,4355.54
652376242,25,499.75,190.5
652376243,87,3730.85,1362.42
652376244,54,1002.78,270
652376245,252,275.03,275.03
652376246,35,200.75,176.04
652376265,105,2224.95,2224.95
652376270,322,5338.76,5338.76
652376272,51,653.4,590.4
652376349,215.306,2771.7317,2771.7317
652376350,58.674,1117.15296,1117.15296
652376354,133.8,1481.72,1456.632
652376355,68,1077.38,894.59
652376358,41,5599.02,5599.02
652376360,14,911.12,911.12
652376428,110,578.64,500.59
652376433,69.222,2435.85066,2418.13422
652376434,62.679,1321.9496,1077.46881
652376438,98,4138.68,4138.68
652376442,1,27.06,27.06
652376450,108.25,1457.045,1457.045
652376451,66,1488.3,1488.3
652376463,572,4953.52,4953.52
652376486,212,6140,4442.08
652376488,76,6771.16,6132.21
652376489,29,2592.6,2307.53
652376491,126,673.19,673.19
652376492,79,1168.71,1168.71
652376768,145,3237.85,2054.65
652376771,444.5,8098.79,5702.935
652376777,127,646.43,646.43
652376779,347.997,15218.48656,13541.95311
652376781,8,133.44,133.44
652376789,87,4132.5,4132.5
652376790,58,4683.5,4683.5
652376905,92,6795.86,2937.34
652376906,145,18091.36,12188.41
652376910,235,3003.8,2857.75
652377042,1157,1735.5,1735.5
652377043,932,1398,1398
652377044,854,1579.9,1579.9
652377093,116,3570.48,2705.12
652377095,177.5,3138.805,886.275
652377096,116,2441.8,490.68
652377097,145,4070.15,1044
652377098,116,7055.12,730.8
652377099,145,8818.9,1722.6
652377285,319,10252.66,10252.66
652377340,58,3161.58,2245.76
652377346,58,4408,4408
652377378,58,1029.5,1029.5
652377379,87,1349.37,1224.96
652377380,251,5450.55,5003.19
652377406,158,21651.22,9343.92
652377517,20.5,386.815,380.935
652377519,246,4504.26,4504.26
652377555,97.775,1092.09326,1089.91498
652377564,203.6,7940.4,7797.894
652377587,87,3244.23,2350.74
652377693,196.25,3809.9475,1002.28
652377694,145,353.8,353.8
652377695,128,4989.44,1854.72
652377696,169,1723.8,1723.8
652377697,148,132.68,132.68
652377698,64,464.64,464.64
652377719,191.715,6551.43165,6483.543
652377893,875.5,6425.14,6412.66
652378022,58,973.24,335.24
652378023,29,176.03,85.26
652378024,116,613.64,292.32
652378025,87,1180.59,202.71
652378026,116,7055.12,1446.52
652378027,61,710.27,261.93
652378028,87,1793.07,575.07
652378029,73,1230.13,370.28
652378030,118,512.12,512.12
652378031,135,3894.75,1533.6
652378052,87,0,0
652378287,66,1748.34,1748.34
652378291,29,2011.44,1854.84
652378293,58,4082.04,3764.2
652378295,229,2143.44,2143.44
652378319,377,0,0
652378328,17.2,13809.364,13809.364
652378330,52,1390.36,1374.08
652378422,203,7308,6211.8
652378423,29,1652.71,1404.76
652378424,55,3575.33,3278.66
652378425,137.75,9132.825,7762.2125
652378701,28,573.64,549.16
652378749,58,4297.8,4297.8
652378788,203,0,0
652379757,29,70.47,15.37
652379758,137,978.18,504.16
652379761,145,3730.85,930.9
652380000,29,1160,1160
652380009,29,1276,832.88
652380011,161,1073.98,1073.98
652380018,61,2027.03,2027.03
652380019,1,7.91,7.91
652380064,55.941,2148.20023,1993.55889
652381175,51,237.66,237.66
652381176,49,531.07,212.15
652381177,58,2816.48,704.7
652381178,39,791.04,367.56
652381179,51,3435.05,571.26
652381181,917,3594.64,3594.64
652381182,116,1780.6,501.12
652381183,58,828.24,250.56
652381184,87,1242.36,391.5
652381207,44,1142.68,1142.68
652381295,975,9603.75,9603.75
652381296,32,2141.76,2013.12
652381395,66,3445.26,3445.26
652381397,116,6728,5180.56
652381412,53,1963.12,1963.12
652381416,37,200.48,200.48
652381447,29,2305.79,1579.34
652381448,7,472.43,472.43
652381545,55,2743.4,2633.4
652381580,14.5,352.06,190.095
652381581,29,1763.78,588.99
652381582,83,1293.97,691.39
652382050,237.6,8458.56,8458.56
652382067,252.5,3976.875,3888.5
652382068,71,508.36,497
652382070,2.9,49.88,48.749
652382450,48,1035.6,986.16
652382506,371.43,16422.5,16114.1223
652382787,262.5,7481.25,4076.625
652382788,91.75,2366.2325,2366.2325
652382835,259,2244.26,1748.2
652382836,59,2086.72,1109.42
652382837,112,3399.76,1136.72
652382838,92,3285.32,1381.84
652382839,58,2402.36,915.82
652383010,29,2028.55,1495.24
652383065,58,1408.24,145.58
652383066,116,813.16,480.24
652383067,145,1073,545.2
652383068,261,4191.66,1513.8
652383069,58,890.3,161.24
652383070,58,662.65,136.59
652383520,113,148.91,35.9
652383594,46,701.96,701.96
652383595,54,4647.78,4289.22
652383608,152,1044.24,1021.44
652383642,203,2630.59,1765.81
652383643,174,3051.96,1023.12
652383644,145,2543.3,1374.6
652383645,145,722.1,266.8
652383646,261,4703.8,1205.82
652383647,45,319.95,319.95
652383658,29,623.5,423.98
652383864,58,1603.12,1603.12
652383866,58,1603.12,1603.12
652383870,60,1900.8,1900.8
652383920,12,96.84,96.84
652384037,36.2,249.01,249.01
652384145,116,20192.12,18962.52
652384168,57.5,853.875,700.925
652384169,29,446.6,183.86
652384451,78,994.6,577.6
652384452,116,3230.6,1200.6
652384453,136,784.72,784.72
652384456,21,22.89,22.89
652384457,58,704.12,73.66
652384458,87,6784.26,2076.69
652384459,58,3075.16,785.32
652384461,87,1574.7,1574.7
652384462,137,2604.37,2604.37
652384554,58,2568.82,2568.82
652384605,8,1135.28,1135.28
652384606,7,993.37,993.37
652384999,87,538.53,538.53
652385046,37,62118.19,62118.19
652385059,159.507,4191.84396,4191.84396
652385210,145,4893.75,1812.5
652385233,58,3058.34,3058.34
652385234,130,7410,7410
652385528,145,880.15,508.95
652385529,31,138.31,106.2
652385530,145,1016.45,575.65
652385595,174,1966.2,1966.2
652385612,46,592.94,592.94
652385772,67,4183.48,4183.48
652385774,76,404.32,404.32
652385776,325.414,27065.91928,26236.27341
652385792,58,3483.48,3271.2
652385940,135,456.3,456.3
652385941,108,505.44,505.44
652385942,232,4883.6,1450
652385943,29,1864.12,1195.38
652386071,116,2466.74,1484.22
652386579,116,9219.68,7783.6
652386581,29,861.59,792.57
652386587,145,5652.1,1841.5
652386589,165.8,3314.342,1986.284
652386590,4,75.28,75.28
652386627,19.397,101.25234,101.25234
652387398,58,1707.23,1609.21
652387399,116,3656.32,3656.32
652387400,76,14678.88,14467.2
652387455,124,5607.28,1676.48
652387456,116,3312.96,1034.72
652387458,58,1408.24,392.66
652387459,58,931.48,448.34
652387460,1173,2396.14,2396.14
652387475,150,3504,3399.96
652387479,112.068,5527.80198,5181.11424
652387481,29,354.09,354.09
652387790,44,250.36,250.36
652387793,50,422,422
652387799,65,518.7,518.7
652387801,70,590.4,590.4
652387809,47,434.82,434.82
652387810,58,567.24,567.24
652387812,50,592.5,592.5
652387813,50,591.5,591.5
652387823,44,293.04,293.04
652387826,50,362,362
652387831,49,430.22,430.22
652387871,58,354.96,354.96
652387872,58,980.78,802.72
652387873,116,888.56,888.56
652387961,212,930.68,930.68
652388000,50,310.5,310.5
652388001,50,435,435
652388005,50,282.5,282.5
652388006,45,254.25,254.25
652388010,8,37.28,37.28
652388016,50,297.5,297.5
652388019,50,395,395
652388021,50,269.5,269.5
652388028,65,540.3,540.3
652388037,50,310.5,310.5
652388056,50,310.5,310.5
652388259,7.8,131.83,129.568
652388411,50,388,388
652388421,50,387.5,387.5
652388422,50,371,371
652388426,50,371,371
652388427,50,383.5,383.5
652388431,50,371,371
652388438,25,276.25,276.25
652388558,281,1435.91,1435.91
652388559,50,388,388
652388563,50,302,302
652388564,50,302,302
652388586,50,333,333
652388587,50,439,439
652388592,50,414,414
652388602,29,538.24,234.03
652388634,42,1566.18,1566.18
652388635,55.9,3676.543,3676.543
652388751,14970,1302.39,1302.39
652388752,7500,1980,1980
652388889,56,554.96,554.96
652388890,58,250.56,250.56
652388892,40,161.6,161.6
652388893,58,1005.72,1005.72
652388894,64,436.48,436.48
652388895,58,163.56,163.56
652388896,58,143.26,143.26
652388898,58,128.18,128.18
652389115,58,465.74,465.74
652389116,58,465.74,465.74
652389118,218,2565.86,2565.86
652389119,17,21.08,21.08
652389120,11,49.94,49.94
652389123,58,329.44,329.44
652389124,876,7270.8,7270.8
652389125,128,1013.76,1013.76
652389126,58,285.94,285.94
652389855,290,14236.1,14236.1
652390069,72,532.8,532.8
652390453,4530,0,0
652390489,16,256,256
652390559,16,39.2,39.2
652390560,35,109.2,109.2
652390561,16,53.6,53.6
652390562,35,219.1,219.1
652390568,20,669.2,669.2
652390576,2000,0,0
7472287,29,666.42,539.4
7472291,153.657,1354.77792,1339.90614
7472295,16,565.16,542.57
7472482,58,644.38,582.9
7472549,47,705,549.9
7472560,29,1165.8,1165.8
7472564,29,580,501.12
7472570,58,698.61,647.28
7472571,29,377,325.67
7472580,6174.5,99594.685,99594.685
7472606,116,2730.06,2538.95
7473239,52,7125.69,6953.31
7473240,58,9020.74,8224.98
7473370,87,3579.18,3579.18
7473377,14.5,733.7,517.65
7473378,29,1212.49,855.5
7473550,87,3378.21,2635.23
7473686,29,29,29
7473753,223,10032.77,10032.77
7473828,41,1357.51,1357.51
7473907,48.668,3770.57528,3768.264
7474025,6.66,197.6022,177.7554
7474067,145,5481,5481
7474093,29,2231.55,2231.55
7474095,29,2025.07,2025.07
7474199,182.488,2414.50024,2403.85024
7474201,268.292,6272.79884,5933.11884
7474209,29,296.96,296.96
7474231,290,1450,43.5
7474244,50,13076,12279.5
7474246,14.5,522,450.66
7474252,145,4906.8,2083.65
7474286,243.7,5037.279,5037.279
7474417,29,604.07,420.79
7474429,197.992,4246.9284,2849.10488
7474449,142,1561.38,1455.18
7474713,255,7430.4,7111.2
7474714,74,4475.52,4475.52
7474795,85,2069.75,2069.75
7474848,286,3756.32,3714.92
7474850,292.132,1995.26156,1995.26156
7475003,4.843,252.12658,142.91693
7475021,167,11626.91,9984
7475034,32,296,296
7475035,58,1100.26,705.86
7475178,29,398.75,285.36
7475182,68,340.68,340.68
7475183,58,290.58,290.58
7475329,174,10744.5,10744.5
7475485,38,120.08,80.56
7475657,84.941,881.85085,835.24292
7475720,29,2218.5,2045.95
7475722,29,1449.42,1336.61
7475929,145,7902.5,7168.8
7476275,69,4146.21,4146.21
7476398,87,411.51,272.31
7476414,58,2035.8,2035.8
7476416,174,5802.03,5802.03
7476467,29,368.88,368.88
7476748,362,1513.16,1513.16
7476844,48.343,4059.30864,3879.61217
7476951,111.853,2419.38039,2298.57915
7476988,29,1271.94,1173.05
7477014,55,597.3,597.3
7477090,87,2364.66,1791.33
7477165,804.701,6801.17046,6801.17046
7477167,500.673,7817.83902,7708.94322
7477204,29,203,158.34
7477210,29,580,452.4
7477218,89,11124.11,9455.36
7477219,87,8827.89,7562.62
7477235,145,6812.1,5789.85
7477241,29,854.92,655.11
7477244,522,4985.1,4381.9
7477261,58,868.26,680.92
7477265,54,2794.86,2794.86
7477311,87,4830.82,3768.26
7477347,29,10502.93,9658.45
7477405,230,4064.1,1476.6
7477406,129.343,3124.92688,1437.00073
7477550,241.172,3600.6288,3231.9724
7477773,128.883,1501.1662,1417.6462
7477774,229.573,3602.00037,3602.00037
7477816,54,1987.2,1987.2
7477817,61,2237.76,2056.6
7477821,87,4097.7,3196.38
7477846,33.997,1137.87959,1137.87959
7477848,77.999,2933.54239,2933.54239
7478062,679.072,25804.736,5731.81208
7478232,87,5307,4086.39
7478269,59,2830.23,2830.23
7478291,48.452,1607.41084,1362.71428
7478292,22.638,1228.29396,1136.1796
7478306,87,9553.18,9505.33
7478361,438,12351.6,12351.6
7478383,1186.749,50567.37489,50567.37489
7478420,29,431.23,431.23
7478484,58,1756.24,1756.24
7478510,98.25,2312.76,2276.085
7478531,29,1048.64,765.6
7478540,81.175,3056.86166,2831.24694
7478548,87,1207.85,1207.85
7478553,29,600.3,600.3
7478557,58,705.86,705.86
7478642,1593.657,16701.52536,5514.05322
7478655,952,19040,18924.8
7478683,253,10562.5,7876.81
7478702,8.7,62.466,23.751
7478829,145,2505.6,2505.6
7478858,145,3661.25,3321.95
7478859,10,199.5,128.5
7478893,116,7078.32,6007.64
7478933,80,1067.2,453.6
7478934,19.343,184.14536,92.07268
7478970,580,10846,8903
7478981,99,3906.63,3906.63
7479002,29,829.11,704.7
7479008,58,2324.06,1089.24
7479085,58,1142.02,953.52
7479118,149,7180.6,5524.09
7479208,29,470.09,451.24
7479304,116,2644.8,2644.8
7479314,45.3,2582.1,2014.038
7479336,29,1421,1122.59
7479339,116,7076,5501.59
7479342,487,7535.01,7026.93
7479453,116,6980.88,6438
7479456,84.1,3513.698,2780.346
7479499,145,1329.65,669.9
7479538,58,1753.92,1035.3
7479542,489,2860.65,2860.65
7479574,1950.6,62575.248,14707.524
7479583,87,2305.5,1805.54
7479595,9,4775.94,4775.94
7479602,87,4880.7,4501.38
7479634,145,5637.6,4161.5
7479650,1817,1598.96,1598.96
7479701,50,2886.23,2823.44
7479713,82.853,3955.40222,3380.4024
7479830,29,861.3,861.3
7479902,25,1064.79,868.14
7479979,142.351,1756.79763,1438.56664
7479986,224,7878.5,7878.5
7479987,83,2047.1,1667.24
7480003,53.853,799.71705,799.71705
7480039,87,5065.14,5065.14
7480056,61,674.05,674.05
7480057,33.147,606.00111,574.23509
7480059,75.603,1647.38937,1205.11182
7480089,58,289.42,249.98
7480090,29,243.02,220.4
7480091,29,454.14,412.09
7480094,87,7556.82,7556.82
7480156,83.167,1285.63826,905.44536
7480157,67.716,1687.49928,1462.14876
7480163,118,1177.64,1177.64
7480270,87,0,0
7480937,58,1827,1827
7481438,107,1110.66,0
7481838,29,1995.2,1995.2
7482544,87,1957.5,1957.5
7484032,3.5,130.97,130.97
7484053,256,10923.52,10923.52
7484847,116,2286.36,2286.36
7484905,22,336.6,336.6
7485027,116,2610,2610
7485896,46.4,5711.376,5711.376
7487894,58,1392,1392
7488000,53,2395.6,2395.6
7488022,806,14105,14105
7488658,87,1659.09,1659.09
7488795,52,878.8,878.8
7490014,108,543.24,543.24
7490353,29,161.82,161.82
7490457,58,2094.96,2094.96
7490475,87,751.68,751.68
7490640,101,495.91,495.91
7490646,58,2930.16,2776.75
7490715,29,138.62,138.62
7490717,116,621.76,621.76
7490751,87,3567,3210.3
7490844,128,2106.88,2106.88
7490914,121,532.4,532.4
7490977,174,1035.3,1035.3
7491036,29,84.97,84.97
7491046,46,110.98,110.98
7491100,35,194.95,194.95
7491101,87,342.78,342.78
7491157,49,297.32,297.32
7491160,80,508.8,508.8
7491189,29,1015,877.25
7491212,24,127.68,127.68
7491221,87,2233.29,1901.24
7491229,52,594.88,594.88
7491240,58,3017.16,3017.16
7491241,58,277.82,277.82
7491257,112,1304.8,1304.8
7491282,51,219.3,219.3
7491289,29,119.19,119.19
7491313,125,636.25,636.25
7491532,58,2081.62,1760.3
7491588,107.05,5569.21,5539.66
7491712,29,142.68,142.68
7491733,87,2760.8,2760.8
7491754,107.5,4761.56,3947.95
7491813,34,795.25,747.93
7491825,116,4683.5,4683.5
7491884,203,4364.5,4364.5
7491895,29,1102,991.8
7491904,29,1634.44,1634.44
7492023,722.214,22228.50692,22228.50692
7492024,156,8140.605,7905.975
7492027,102.811,1144.28643,895.48381
7492052,63,2027.97,2027.97
7492055,87,0,0
7492086,363.25,12013.78,11921.295
7492282,578.4,10700.4,9922.856
7492344,144,8588.03,8588.03
7492357,72.847,1454.75459,1454.75459
7492358,158.582,6347.43026,5874.27324
7492606,29,478.5,464.29
7492653,58,2307.24,2128.02
7492654,58,2041.02,1882.39
7492655,58,2129.76,1964.17
7492656,58,1922.7,1773.06
7492657,58,1893.12,1745.8
7492658,78,4902.5,4793.38
7492660,58,2898.84,2673.22
7492828,29,646.12,646.12
7492940,123.664,6789.1536,6789.1536
7492942,156,2153.6,1894.16
7492943,107,1893.55,1364.71
7492945,80.843,1905.19592,1638.20304
7492947,69.343,1771.15287,1755.11819
7492960,25,1737.49,1432.74
7493187,44,1327.73,1285.13
7493188,107.6,5656.69,4942.222
7493288,428,6124.68,5519.25
7493289,272,5763.68,5763.68
7493290,11,273.9,273.9
7493291,168.283,6351.31502,6237.59827
7493306,109,2885.54,2460.95
7493307,134.75,1629.315,1228.1525
7493329,238,8277.92,7964.04
7493338,292.343,2309.03961,1991.12663
7493339,115.149,1750.2648,964.94862
7493340,87,5047.74,2603.91
7493342,53.882,590.27731,435.90538
7493352,116,3764.2,3217.84
7493359,104,4871.36,4871.36
7493360,95,4098,3718.46
7493370,82.853,788.25393,745.50677
7493423,4.843,1181.01398,1109.09543
7493454,163,7698.49,7698.49
7493455,203,10520.04,9775.32
7493520,88,5242.16,4526.24
7493645,232,1508,969.76
7493655,532.104,4379.21592,2330.48904
7493656,218.907,3225.77775,2692.07478
7493674,58,3640.66,3459.41
7493675,29,2008.25,1807.57
7493681,192,6117.12,6117.12
7493682,112.198,1938.2313,1895.37294
7493703,45,1424.95,1408.6
7493784,67,5429.38,5401.94
7493794,58,2386.12,1997.52
7493816,34,1632,1387.2
7493817,136,6914.24,6914.24
7493848,221,5041.68,4724.58
7494038,145,8726.1,8047.5
7494141,4,309.4,309.4
7494224,58,2462.68,1771.9
7494267,87,5833.35,5833.35
7494269,29,1774.8,1774.8
7494270,29,2162.82,2162.82
7494271,29,1774.8,1774.8
7494272,29,2162.82,2162.82
7494273,116,3758.4,3758.4
7494274,61,2358,2358
7494289,32.5,854.485,827.9
7494302,391.993,10503.37083,10239.483
7494331,29,513.59,412.09
7494407,104,460704.96,460704.96
7494409,54,4100.18,3659
7494410,58,4311.14,4311.14
7494441,39.8,2161.2,1992
7494489,87,1945.61,1811.63
7494490,58,1341.54,1207.56
7494556,29,233.74,174.87
7494561,29,206.48,154.57
7494563,29,253.46,189.37
7494666,116,8193.66,7555.95
7494699,27,6210,5185.35
7494714,242,7395.52,7395.52
7494715,131,4003.36,4003.36
7494907,191.4,3709.332,3709.332
7494961,87,16530,12232.2
7494962,58,5133,3798.42
7495137,116,5742,5742
7495183,29,264.48,264.48
7495194,100.05,3871.5,3356.025
7495195,58,1450,1290.5
7495196,116,6264,5574.96
7495198,72,3232.8,2747.52
7495224,29,847.38,464
7495226,67.657,3072.61322,2662.12605
7495253,29,362.5,362.5
7495256,87,652.5,652.5
7495257,80,872.5,872.5
7495289,18,299.7,299.7
7495292,58,965.7,965.7
7495398,87,473.28,473.28
7495399,199,1428.82,1428.82
7495518,29,2479.5,2479.5
7495616,87,4350.29,4350.29
7495639,181.5,2328.645,2111.725
7495640,52,1464.8,1316.56
7495641,83.543,858.82204,279.03362
7495696,647.671,16691.71345,11296.43374
7495701,51,962.16,756.77
7495727,116,4763.54,4189.92
7495751,94,942.48,925.02
7495752,29,580,542.3
7495858,144.2,568.2,550.49
7495873,145,2818.8,2589.7
7495901,116,584.64,584.64
7495920,29,148.19,148.19
7495930,184,835.36,835.36
7495936,81,494.1,494.1
7495939,31,152.11,152.11
7495996,140,9940,8449
7495997,29,275.5,188.79
7496000,29,1191.9,1060.82
7496033,29,896.1,765.89
7496034,752,9189.44,9189.44
7496038,1062.428,25336.73973,25147.20314
7496039,0.142,1.72104,0.47428
7496059,24.186,1012.66782,904.79826
7496459,105,4994.91,4772.79
7496488,126,6561.34,6561.34
7498575,62,1294.56,876.06
7498743,21.2,401.4,371.304
7499206,321,4911.3,4911.3
7499255,41.56,1585.74,1306.3752
7499592,47.342,1126.83024,1086.5412
7499637,65.6,3247.2,3247.2
7500135,29,1129.84,1095.91
7500162,25,561.25,506.02
7500163,29,720.36,522.87
7500187,131,2758.86,2062.44
7500305,29,443.7,409.19
7500415,29,328.86,298.99
7500648,116.068,6128.3904,6108.66816
7500751,40.6,6495.594,5863.452
7500754,29,9066.85,9066.85
7500783,57,2337,2337
7500848,732.2,15306.176,15058.956
7500849,102.7,2589.6,2561.238
7500855,57,5867.01,4721.55
7500861,246.5,4189.05,3485.655
7500876,5.8,108.344,78.01
7500877,58,2378,2140.2
7501053,33,849.09,849.09
7501081,282.843,9087.74559,5091.49352
7501119,31,974.47,919.25
7501122,4,93.4,93.4
7501127,87,737.76,648.44
7501173,58,861.3,861.3
7501174,85,782.85,782.85
7501177,76.843,2253.03764,2146.77062
7501202,125,3621.25,3621.25
7501224,261,6525,5611.5
7501230,122.5,2056,2056
7501267,29,319,319
7501276,29,763.57,763.57
7501297,87,1392.87,1392.87
7501309,58,2662.78,2662.78
7501311,290,432.1,432.1
7501314,4,5.96,5.96
7501317,74,7623.48,7623.48
7501401,795.25,20612.88,8619.265
7501416,6,219.96,197.94
7501461,28,484.68,484.68
7501465,71,2385.6,2385.6
7501512,17,265.54,265.54
7501694,15,405,405
7501696,44,1188,1188
7501710,10,270,270
7501744,43.5,1152.75,1071.84
7501762,23.843,1558.37848,1418.18164
7501764,44.343,1887.94191,1792.70247
7501765,11.6,535.92,487.664
7501782,87,6029.1,5482.45
7501810,31,1168.08,1168.08
7501858,87,655.11,490.68
7501898,36.25,279.1975,270.3525
7501918,207,2307.32,2113.88
7501931,29,562.02,518.23
7501950,384,7643.76,7438.92
7501956,116,5630.64,5515.8
7501970,87,7278.42,6177
7502111,68,2647.92,2647.92
7502186,181,6067.9,5937.58
7502224,549,7263.27,7263.27
7502323,203,4275.18,2003.61
7502429,98,8042.22,8042.22
7502433,129,2993.01,2993.01
7502438,315,4104.89,4104.89
7502527,29,1972,1538.16
7502528,116,9280,7145.6
7502544,87,1392,1071.84
7502552,80,2820,2485.1
7502553,133,16166.6,12345.84
7502562,203,7683.55,7683.55
7502995,29,1774.8,1774.8
7503020,96,937.92,937.92
7503025,29,1104.32,1104.32
7503031,29,2373.07,2257.36
7503048,68.5,9592.74,9592.74
7503071,29,1331.1,1227.57
7503076,58,5189.84,4780.07
7503086,29,797.5,749.07
7503207,116,2967.28,2967.28
7503209,58,577.68,577.68
7503210,58,608.42,608.42
7503211,116,1568.32,1568.32
7503212,58,815.77,815.77
7503372,109,2585.48,2345.68
7503392,29,478.5,320.45
7503397,17,357,232.05
7503445,49,875.35,715.15
7503468,89,2195.63,2195.63
7503470,50,2283.22,2172.22
7503471,118.9,1498.575,1203.007
7503472,145,0,0
7503481,161.343,5658.52,5553.48751
7503482,1722,29088,22989.44
7503484,58,2707.44,2337.4
7503593,29,493,426.01
7503601,87,1271.94,1271.94
7503637,26,1229.8,1229.8
7503645,68.1,1874.873,1874.873
7503646,58,1586.88,1319.21
7503733,64,3115.35,2988.9
7503774,87,1392.87,1392.87
7503785,87,5107.48,4766.44
7503829,56,10786.72,9438.24
7503898,29,1454.35,1454.35
7503980,1023.619,21802.75327,17530.44871
7503982,161.409,4056.20817,4056.20817
7504004,139,2992.67,2992.67
7504026,58,2011.44,1854.84
7504027,87,5842.05,5387.33
7504037,122,6680.72,6204.92
7504056,73,2628,1462.92
7504148,29,95.99,67.86
7504149,29,95.99,67.86
7504185,58,1118.82,955.84
7504186,24,381.6,381.6
7504189,58,2411.64,2411.64
7504194,29,1537,1198.86
7504198,29,348,271.44
7504200,57,855,666.9
7504203,29,377,294.06
7504206,29,377,294.06
7504207,23,393.3,393.3
7504208,46,952.2,952.2
7504209,54.16,2927.52,2921.184
7504210,65.76,2900.016,2900.016
7504211,16.24,1303.9,1168.512
7504217,154.969,2823.53518,1961.90754
7504218,312.5,6521.325,5583.675
7504229,58,870,678.6
7504230,58,870,678.6
7504231,29,495.9,495.9
7504233,29,754,588.12
7504236,39.44,1972,1538.16
7504290,243.5,4664,4645.1
7504291,58,1566,1049.22
7504384,44,533.72,391.16
7504386,22,373.34,267.3
7504392,87,1266.43,1051.25
7504394,913.2,22008.12,22008.12
7504395,116,4813.42,3845.98
7504397,105,4164.94,3518.39
7504401,29,797.5,622.05
7504502,58,986,769.08
7504595,5,964.5,964.5
7504602,404,8888,7057.6
7504605,43.25,1561.635,1553.385
7504728,134,8057.38,7311.04
7504743,182.1,18770.374,18639.916
7504790,16.3,982.8,978.84
7504915,87,1740,1503.36
7504926,308,3436.26,2798.28
7504927,445.4,8469.822,5930.44
7504959,53.157,3044.42,2649.61545
7504960,116,5190.42,4671.32
7505069,122,4858.04,4858.04
7505105,58,1796.84,1730.72
7505106,112,2364.86,2279.76
7505114,387,8922.68,7761.52
7505247,29,841,841
7505266,6,70.2,70.2
7505267,58,1070.39,780.97
7505291,29,1166.67,1166.67
7505493,179,8248.32,8248.32
7505530,144.5,6514.06,5265.455
7505540,20,616,505.6
7505544,29,696,696
7505545,29,657.72,657.72
7505546,58,1461.6,1461.6
7505547,29,730.8,730.8
7505576,29,613.35,449.79
7505707,283,11829.4,9316.36
7505711,105,2415,2415
7505723,29,669.9,488.65
7505726,17,815.66,815.66
7505772,24,1306.29,993.69
7505812,169,9447.1,9447.1
7505835,87,2092.35,1452.03
7505880,115,554.3,554.3
7505882,23,65.09,65.09
7505903,250,4750,4750
7505919,29,2175,1544.25
7505929,87,2832.14,2215.02
7505986,29,2204,1564.84
7506018,29,874.35,874.35
7506032,203,5787.53,4512.69
7506037,56.394,2689.9938,2689.9938
7506077,145,5486.8,5486.8
7506096,100,23462.67,23462.67
7506099,29,7989.5,6870.97
7506121,116,11050.74,10602.69
7506148,38,4095.26,4095.26
7506171,42,1757.7,1757.7
7506175,50,2366.2,2123.65
7506176,331,15863.97,8580.24
7506186,78,4128.54,1996.8
7506201,29,1050.67,1050.67
7506210,29,1035.01,1035.01
7506249,111,2733.12,2417.94
7506251,1402.631,43949.88654,38017.36921
7506252,216,282.96,282.96
7506253,46,114.6,97.96
7506254,44,100.76,100.76
7506257,116,257.52,257.52
7506267,33,1168.2,1081.08
7506272,29,392.08,292.9
7506290,156,10281.96,8349.81
7506318,42,6012.72,6012.72
7506322,82,3554,2884.16
7506326,130,3603.6,3352.05
7506327,61,1725.57,1689.02
7506328,87,2296.8,1812.21
7506358,15,298.5,216.6
7506408,116,4351.74,3401.7
7506478,18.68,747.2,582.816
7506579,97.5,688.35,688.35
7506628,29,584.93,584.93
7506629,29,173.13,160.95
7506630,13.5,52.515,52.515
7506653,29,2773.56,2773.56
7506682,29,1177.4,1177.4
7506774,4.843,107.22402,92.21072
7506800,13,574.54,507.54
7506801,58,1836.86,1836.86
7506802,99,8453.61,7348.77
7506803,29,530.99,453.85
7506810,76,2022.8,1835.42
7506828,38,1376.36,1376.36
7506904,85,1227.4,1227.4
7507065,50,1094,1094
7507089,190,10657.4,10394.15
7507094,669.343,9020.12394,8380.48476
7507095,610.334,19036.31746,6500.0571
7507098,888.396,12333.51978,11898.9966
7507099,929.785,23017.14214,22947.5118
7507100,220.329,1632.74826,1169.51646
7507101,166.9,1305.793,1288.248
7507102,227.357,2586.84349,1449.66526
7507103,91,1361.5,1127.56
7507210,29,666.42,574.78
7507259,464,4660.88,2552
7507261,10,267.3,251.34
7507277,44,2497.44,2049.96
7507280,29,142.97,142.97
7507281,97,1502.53,1502.53
7507323,58,1519.02,1519.02
7507386,29,1970.26,1970.26
7507390,29,1021.67,1021.67
7507436,116,4465.42,3845.98
7507438,46.5,3523.305,3523.305
7507443,42,691.26,687.98
7507476,261,4178.61,4178.61
7507477,290,4642.9,4642.9
7507498,46,1535.26,801.34
7507499,58,4350,3871.5
7507569,626.398,6614.76288,6614.76288
7507604,454.668,16822.716,16822.716
7507608,58,1426.8,1325.3
7507620,49,291.18,232.11
7507625,58,669.9,408.9
7507626,87,780.1,668.16
7507654,75,3075,1922.25
7507757,124,2774.2,2774.2
7507792,160,3005.8,2979.95
7507797,87,1516.99,1211.04
7507798,203,4296.64,3605.86
7507807,48.343,449.7755,361.98612
7507808,841.5,4771.305,4771.305
7507809,480,2629.44,1950.48
7507816,20.534,16219.39592,16089.62104
7507819,21.943,16691.44684,16687.78124
7507826,145,6907.8,6250.95
7507875,29,739.5,739.5
7507995,140,3861.4,3861.4
7508033,88,2323.2,2317.63
7508040,113.438,1486.0378,638.65594
7508050,90,2788.2,2526.3
7508065,145,2299.7,1977.8
7508068,232,3564.97,3065.88
7508069,145,2253.88,1938.36
7508090,114.5,4417.6,4417.6
7508127,58,1450,1066.04
7508141,87,2871,2310.72
7508179,85,5100,4335
7508183,29,1160,713.4
7508325,29,762.12,641.19
7508326,367.678,6899.46962,6874.36857
7508398,87,5742,4459.04
7508403,87,7921.64,7921.64
7508404,87,7712.55,5141.7
7508421,14.5,627.995,590.295
7508424,58,1579.92,1579.92
7508484,29,1035.3,954.68
7508485,87,6832.98,6301.41
7508505,116,4408,3063.56
7508507,288,16122.24,16122.24
7508566,136,6874.8,6457.13
7508570,58,4593.6,3910.94
7508606,174,9064.82,9064.82
7508719,58,4910.86,4910.86
7508733,87,2436,2105.4
7508734,50,1859.55,1669.14
7508745,87,3915,3915
7508852,58,1658.8,1296.88
7508872,72,2721.6,2349.36
7508912,145,6224.85,3375.6
7508942,269,2308.02,1726.98
7508943,45,409.5,245.7
7508944,129.343,3255.56331,3255.56331
7509016,93.33,1215.1566,1215.1566
7509023,18,475.2,475.2
7509072,14.5,207.495,102.515
7509073,14.5,432.245,213.73
7509139,14,203,203
7509144,19,162.64,162.64
7509178,122,6466,6466
7509198,514,17553.1,17553.1
7509200,119.325,3524.4345,3385.15025
7509205,29,676.57,257.23
7509206,58,1789.88,1789.88
7509275,29,2012.89,2012.89
7509276,16,1129.6,999.36
7509277,58,4805.88,4078.56
7509573,89,1697.76,1614.6
7509577,136.9,9121.769,8974.826
7509588,59,768.77,562.86
7509601,153,4023.9,4023.9
7509613,58,2126.86,1942.71
7509614,15,244.35,204
7509669,29,3223.64,3027.02
7509676,35,1264.2,1264.2
7509688,372,6609,2912.46
7509689,110.2,1982.498,1684.958
7509690,87,1565.13,1330.23
7509695,87,990.93,990.93
7509731,29,464,317.84
7509818,43,1720,670.8
7509827,29,1247,1247
7509832,58,2230.68,1944.74
7509903,162,8336.52,8336.52
7509906,334,8183,7646.2
7509931,26,949.89,928.55
7509933,29,1745.22,1745.22
7509946,177,4071,3787.41
7509953,175.5,3670.91,3670.91
7509956,69,2707.2,2403.39
7510162,29,2030,1583.4
7510185,29,2146.29,2146.29
7510244,87,2108.01,1568.61
7510251,156.783,5551.40837,5444.7953
7510252,480,7027.2,7027.2
7510253,102.786,3391.99854,2839.28772
7510258,52,667.16,667.16
7510259,113,2651.68,2318.23
7510379,76,3390,3390
7510392,140,6967.8,6895.64
7510512,592.3,21141.36,21141.36
7510529,191,30193.87,30058.07
7510532,29,768.79,143.55
7510533,126,328.86,328.86
7510557,46.8,375.804,340.704
7510610,58,870,739.5
7510616,82.8,9654.48,7925.616
7510620,29,1367.35,1110.41
7510704,87,4049.85,4049.85
7510715,58,1067.2,1067.2
7510717,116,1514.38,1514.38
7510722,7,147.77,147.77
7510731,432.1,10292.622,7414.111
7510743,58,1428.25,1153.62
7511015,406,11437.02,8915.76
7511016,29,1140.57,791.12
7511029,3,104.55,94.83
7511041,237,1448.61,1448.61
7511044,157,7234.56,7234.56
7511045,399,18385.92,18385.92
7511047,369,12949.08834,12333.69558
7511086,58,522,407.16
7511087,29,290,226.2
7511108,77.343,3026.2689,2903.44085
7511114,45,2389.5,2389.5
7511157,113,4361.46,3049.29
7511165,48,1512,1512
7511168,29,564.92,524.61
7511178,51,2021.7,2021.7
7511180,29,1537,1183.49
7511181,116,5336,4215.44
7511186,29,1357.2,1357.2
7511234,174,6777.3,6777.3
7511251,29,695.71,695.71
7511254,58,1151.3,863.04
7511276,58,2453.4,2453.4
7511309,192.928,3522.86528,3522.86528
7511310,87,1752.18,1752.18
7511459,29,458.78,234.9
7511464,87,1345.89,1345.89
7511474,243,10060.2,10060.2
7511485,29,1088.95,979.91
7511495,24.338,851.83,668.80824
7511498,29,590.15,339.59
7511500,17.8,762.018,708.618
7511557,58,26.1,26.1
7511576,29,1089.53,1089.53
7511627,29,2682.5,2333.63
7511669,177,7341,5218.8
7511671,112,3749.76,3749.76
7511706,261,4139.46,3560.04
7511776,60,346.2,325.2
7511808,58,2596.66,2596.66
7511810,116,1542.8,1542.8
7511879,422,19404.18,16219.3
7511880,367,0.87,0.87
7511881,87,9749.22,7088.76
7511905,116.5,3690.96,2941.815
7511915,159.5,4738.745,4169.33
7511971,29,899,449.5
7511974,58,1973.16,1973.16
7512026,226,1509.68,1509.68
7512043,279,9251.91,7942.95
7512045,7.25,298.265,202.855
7512046,48.343,5561.86215,3337.11729
7512058,466,991.45,991.45
7512059,113,266.68,266.68
7512067,5,57,57
7512069,44,1217.48,1217.48
7513680,580,0,0
7513684,1450,0,0
7514045,85.594,4793.264,4793.264
7514153,116,2352.48,2352.48
7514154,58,658.88,559.7
7514160,92,3874.16,3521.96
7514161,179,7422.02,7069.52
7514168,202,7981.02,7981.02
7514177,52,689.94,689.94
7514179,29,536.5,536.5
7514183,369.157,2053.75671,2035.70019
7514184,87,1448.55,1448.55
7514185,41,1763,1763
7514189,145,1914,1914
7514190,29,385.7,385.7
7514213,87,4959,4959
7514237,20,1576,1454.4
7514251,93,813.58,776.14
7514270,1002.5,17042.5,16264.495
7514277,204,3280.32,3280.32
7514278,31,1541.62,1541.62
7515146,116,2494,2094.96
7515349,122,3214.8,3149.68
7515355,46.4,1670.4,1311.264
7515361,145,3172.31,2538.95
7515363,58,1135.06,993.25
7515364,10,248.4,193.8
7515366,50.75,1501.6925,1501.6925
7515383,562.343,3177.23795,1681.64557
7515384,83.343,1312.21969,915.02068
7515385,2004.668,17701.21844,9021.006
7515386,407.335,3152.63405,3067.51025
7515388,94.5,2244.5,2109.84
7515389,131.743,646.05317,616.60317
7516867,19,267.33,267.33
7516868,41.169,1192.44884,972.55501
7516873,58,3793.2,3413.88
7516879,29,407.16,261
7516885,116,6403.2,5203.76
7516886,58,1600.8,1300.94
7516912,302,612.36,550.3
7516913,152,37773.52,37773.52
7516945,9,542.7,423.27
7517022,29,261,202.13
7517032,29,1058.79,1058.79
7517035,3519.935,55738.4619,49658.98165
7517093,58,1237.14,1082.28
7517098,1276,32920.8,32920.8
7517126,68,1647.64,1647.64
7517186,78,2349.19,1930.9
7517194,74,1903.86,1903.86
7517195,87,4052.46,3099.23
7517196,117,2489.12,2489.12
7517197,87,3754.92,2871.87
7517221,76,0,0
7517226,29,85297.99,82764.55
7517253,29,275.5,275.5
7517270,58,601.46,565.5
7517376,58,9710.94,9119.34
7517423,16,436.8,436.8
7517439,112,3768.48,3768.48
7517448,29,161.24,95.99
7517449,61,194.59,194.59
7517450,120,733.68,733.68
7517451,2,167.2,167.2
7517456,61,5597.97,4576.22
7517464,87,5175.63,4657.98
7517465,87,3265.98,3037.17
7517499,87,8390.86,7737.78
7517510,87,13710.33,13710.33
7517512,40,292.8,292.8
7517583,123,102.09,102.09
7517585,46.4,7267.168,6794.7
7517677,2,29.26,18.32
7517680,89,2689.58,1141.87
7517734,25,670.25,656.45
7517735,63,9398.72,9296.09
7517763,177,5189.64,3446.19
7517764,148,4339.36,2881.56
7517804,107.3,3481.885,2636.361
7517809,116,1680.84,1680.84
7517821,111,2453.1,2453.1
7517824,58,848.54,848.54
7517914,87,6195.56,5891.64
7517915,29,1360.68,1254.83
7517916,29,3245.97,3245.97
7517925,66,1754.7,1684.5
7517927,58,2420.34,1887.9
7517939,238,4433.46,4426.67
7517940,43.5,1033.56,554.045
7517943,70,3174.12,3174.12
7517945,139,5470.39,4081.52
7517946,49,927.57,696.78
7517951,71.739,2420.47386,2420.47386
7517952,81.4,2802.836,2043.636
7517956,87,1122.3,1122.3
7517957,75,967.5,967.5
7517998,106,3561.49,3071.44
7518000,145,9164,6500.93
7518007,49.293,1552.31154,1266.59405
7518008,53.853,2070.10932,1683.98331
7518012,29,1039.94,1039.94
7518018,162.669,3250.12662,3250.12662
7518022,18,443.34,381.67
7518023,29,585.51,585.51
7518024,19,719.15,719.15
7518025,18,646.86,641.22
7518026,288,9048.96,9048.96
7518027,193,7754.74,7754.74
7518031,58,3381.4,931.48
7518037,1382,10130.06,10130.06
7518054,29,2286.65,2286.65
7518092,116,657.72,440.22
7518093,176,931.04,931.04
7518094,87,2107.14,1412.88
7518095,1,17.1,13.56
7518147,87,3654,3252.06
7518148,116,5800,5012.36
7518150,12,2221.08,1615.2
7518153,95,3684.17,2479.22
7518157,108.5,2909.12,2139.62
7518158,153.265,2665.82645,2416.15095
7518180,9.657,98.11512,73.58634
7518183,55.757,1271.23648,981.57874
7518201,226.46,8627.8178,8344.7026
7518203,29,761.54,601.75
7518205,49,1053.01,1053.01
7518207,111.504,9190.31792,9057.75376
7518208,58,1450,807.36
7518259,58,3712,3155.2
7518263,29,493,379.61
7518264,145,16675,14410.1
7518287,87,2296.8,2296.8
7518325,29,638,638
7518326,58,812,812
7518339,29,261,261
7518340,213,2747.7,2747.7
7518542,174,3210.3,2552.58
7518546,87,5638.76,4700.03
7518602,29,2041.02,1882.1
7518605,87,3768.84,3768.84
7518606,58,2424.4,2424.4
7518609,79,4252.49,3274.82
7518742,162,3062,2542.52
7518743,84,1765.68,1765.68
7518747,92,4772.04,4338.04
7518768,116,7012.2,6500.06
7518770,254,7447.28,4948.93
7518771,174,4624.63,3978.8
7518772,80,17008,13266.4
7518779,29,0.29,0.29
7518791,87,6297.06,5646.88
7518843,36,564.84,564.84
7518885,116,1262.08,988.9
7518896,43.85,1007.53,948.718
7518923,145,7076.58,6426.4
7518926,48,1797.46,1689.35
7518956,135.343,3264.70777,3184.82118
7518957,29,1437.53,1293.69
7518993,66,2270.4,2270.4
7519003,97.827,2066.85966,2034.45876
7519030,208,2089.8,2089.8
7519031,29,281.88,281.88
7519033,29,368.3,368.3
7519034,115,1207.5,1207.5
7519158,58,2873.03,2873.03
7519198,75,2304.22,2115.72
7519203,29,1682,1311.96
7519204,29,1682,1311.96
7519213,59,4153.36,4153.36
7519249,29,8734.22,7963.98
7519264,167,4159.97,4159.97
7519296,59,4419.69,4419.69
7519454,116,2496.32,2320
7519521,87,4216.6,3289.18
7519522,87,3778.41,3687.64
7519611,58,981.36,758.06
7519633,29,1000.5,770.24
7519651,184,11873.78,11728.57
7519678,179,4501.58,3714.71
7519687,48,6048,5140.8
7519690,121,4942.85,4942.85
7519691,58,3154.62,2368.14
7519692,155,6537.9,4907.3
7519695,53,3475.8,3293.2
7519696,46,2105.26,2093.56
7519697,116,5730.4,5730.4
7519703,214,6854.1,5048.34
7519713,373,10707.11,10690.59
7519724,77,1770,1390.47
7519781,145,12615,8950.56
7519787,58,1925.6,1598.48
7519830,116,6069.7,6069.7
7519831,87,4373.2,4373.2
7519926,58,789.96,458.2
7519927,63.8,2053.722,1191.146
7520062,54,1473.92,1445.68
7520063,77.164,1846.55808,1793.34308
7520093,58,5921.8,3197.54
7520095,29,772.85,718.04
7520096,59,1889,1880.99
7520099,69,3346.5,2986.93
7520116,33,358.38,358.38
7520124,119,29422.75,29422.75
7520128,9,4479.87,4465.61
7520130,159.5,1421.52,1093.72
7520163,29,343.36,163.85
7520166,58,2902.9,2383.22
7520167,29,1451.45,1310.22
7520214,61,2436.26,2417.3
7520288,58,3596,3056.6
7520291,174,6789.48,4936.38
7520293,133,6345.5,6345.5
7520294,104,5965.9,5293.6
7520302,87,2349,2349
7520308,48,155.84,151.32
7520310,120,678,427.2
7520330,22,57.64,44.88
7520439,136,6632.82,6632.82
7520447,87,9094.11,8093.61
7520503,54,5247.18,5247.18
7520518,43.5,1901.385,1708.245
7520532,304.5,5214.345,4867.65
7520537,29,1783.21,1609.79
7520561,783,9665.12,9038.72
7520562,72,2230.76,2119.04
7520563,179,12696.2,11034.8
7520564,1270.8,37145.484,37145.484
7520565,877.5,28825.875,28825.875
7520590,29,1695.34,1443.62
7520599,29,667,520.26
7520603,122.179,6346.43663,5415.92918
7520608,63.8,1378.718,1348.616
7520665,58,1212.2,995.28
7520669,107,4855.05,4369.5
7520694,109,3000.77,3000.77
7520708,87,2244.6,2244.6
7520719,29,1284.41,1284.41
7520725,29,2194.72,2194.72
7520823,58,2900,1522.5
7520848,29,1083.15,1083.15
7520849,114,1641.8,1641.8
7520861,87,2088,1607.76
7520862,58,1015,801.56
7520863,174,4118,3177.24
7520878,29,1798,1528.3
7520891,87,5534.65,5197.38
7520892,82,2816.7,2239.42
7520917,212,29383.2,29383.2
7520918,58,1983.6,1983.6
7520922,116,6226.88,6226.88
7520924,58,2176.74,2176.74
7520927,34,6.78,6.46
7520960,58,14795.22,11606.96
7521062,174,4002,3121.56
7521072,159,6660.36,6660.36
7521076,55,1087.9,1087.9
7521077,29,551,490.39
7521109,1429,15485.09,14666.45
7521142,29,202.71,202.71
7521157,73,4872,4189.5
7521159,71,3838.97,3482.55
7521182,495,616.11,616.11
7521209,203,11388.3,10704.77
7521248,29,1371.41,1371.41
7521253,15.95,1591.3315,1591.3315
7521262,150,3652.5,3652.5
7521264,87,3679.23,3028.47
7521265,52,920.4,662.48
7521271,73,1560.01,1560.01
7521283,497,0,0
7521286,24,1348.48,1338.86
7521289,116,5728.66,5728.66
7521291,58,1588.62,1588.62
7521294,58,2455.14,2455.14
7521306,29,1856,1466.24
7521311,29,2501.25,2141.36
7521312,29,1247,1077.64
7521325,435,2557.8,2557.8
7521368,127,775.57,775.57
7521380,111,3040,2705.6
7521382,94,6408.6,6267.55
7521383,47,3468.6,3468.6
7521402,174,7673.4,7673.4
7521410,116,6156.7,6030.84
7521430,58,2644.8,2644.8
7521431,29,1542.8,1542.8
7521445,55.343,677.16683,638.48083
7521469,58,2378,1854.84
7521571,116,3270.04,3035.72
7521593,79,2413.61,2413.61
7521597,118,4880,4679.05
7521606,29,1312.25,1312.25
7521607,67.4,2875.958,2875.958
7521633,116,5742,4478.76
7521634,58,2842,2216.76
7521647,29,613.35,449.79
7521744,74.75,1781.9225,1482.915
7521755,116,6438,6438
7521785,29,1418.68,1139.12
7521788,29,1182.33,1182.33
7521806,114.003,2176.057,1578.74071
7521829,117,2047,1766.15
7521830,29,580,501.12
7521831,87,10005,8646.06
7521980,29,2218.5,2218.5
7521981,29,2218.5,2218.5
7522016,116,146.16,146.16
7522060,154,6106.1,4422.88
7522061,237,11640.06,11640.06
7522062,126,6667.54,5659.78
7522068,29,493,426.01
7522100,87,832.3,832.3
7522112,58,2684.82,2684.82
7522154,29,2018.69,1863.83
7522181,124,1925.41,1813.36
7522197,29,1409.98,1226.7
7522201,87,1348.5,1348.5
7522202,29,359.6,359.6
7522203,29,360.18,360.18
7522204,32,449.55,449.55
7522206,29,449.5,449.5
7522208,76.144,2892.71056,2892.71056
7522285,87,1466.82,1324.14
7522286,323,20306.07,15962.9
7522293,58,3619.78,3619.78
7522341,203,6684.5,6369.56
7522343,29,435,387.15
7522452,48,1484.07,961.02
7522454,22,435.6,435.6
7522455,29,443.7,443.7
7522465,58,660.04,660.04
7522466,87,472.41,354.09
7522478,170,0,0
7522479,1039,36365,36365
7522603,90,5310,4513.5
7522626,27,1201.74,932.34
7522628,47.647,1862.52123,954.36941
7522635,58,3317.6,3085.6
7522636,287.5,11094.625,11094.625
7522637,188.5,5018.305,4692.055
7522638,232,8748.72,4964.8
7522639,58,2175,1374.6
7522658,581,0,0
7522678,145,4959,3933.85
7522681,27,558.36,558.36
7522713,145,5673.85,5673.85
7522729,116,4060,3509
7522751,116,7917,5892.8
7522817,50,5851.5,5495
7522832,2,43.68,31.44
7522845,87,4022.88,3709.97
7523033,41,1107,952.02
7523066,78,2027.69,1718.09
7523089,87,2954.52,2515.17
7523091,116,6156.7,5506.81
7523114,68.296,1659.5928,816.1372
7523115,79.147,1329.86532,1286.98534
7523116,29,1046.61,472.41
7523117,58.417,1530.60457,1345.62901
7523121,29,1714.77,1714.77
7523137,75,1548.75,1548.75
7523138,35,600.6,439.6
7523141,58,897.84,897.84
7523161,58,1199.73,860.72
7523164,29,783,610.74
7523168,152.5,3541.05,1695.8
7523171,108,3387.8,3279.6
7523173,84,1898.4,1749.88
7523174,58,1310.8,1127.52
7523253,137.337,2884.077,2884.077
7523304,87,3696.63,3696.63
7523306,58,0,0
7523308,174,12876,10260.78
7523310,116,3050.8,2607.68
7523316,86,3565.1,3306.96
7523317,27.33,765.24,661.386
7523332,58,2553.16,2166.88
7523350,29,307.11,307.11
7523355,53,1720.38,1679.99
7523357,58,2871,2304.34
7523360,58,3074,2643.64
7523398,31.407,1821.29193,1548.05103
7523400,106,3052.8,3052.8
7523406,116,5220,4511.24
7523407,116,4988,4310.56
7523509,29,590.15,157.47
7523574,21,249.6,241.02
7523641,203,6130.6,6130.6
7523642,58,1351.4,1351.4
7523643,58,1328.2,1328.2
7523716,39,4687.02,3378.96
7523719,87,1205.82,1205.82
7523720,87,1331.1,1331.1
7523766,187,2762.76,2762.76
7523769,29,90.19,90.19
7523771,64,199.68,199.68
7523776,41,143.5,143.5
7523778,278,5415.44,5415.44
7523783,52,1494.48,1494.48
7523786,16,404.32,404.32
7523792,49,871.22,871.22
7523793,116,2280.56,2280.56
7523795,29,498.51,498.51
7523833,116,91.35,91.35
7523915,145,43020.05,43020.05
7523939,203,5388.2,4758.9
7523964,165,6243.6,5991.74
7523967,52,1040,1040
7524011,92.8,20411.186,19916.678
7524012,89.4,11039.7,10980.588
7524049,29,1827,1470.88
7524077,29,1745.22,1609.5
7524128,82,3562.9,3097.14
7524129,58,2244.6,2244.6
7524130,179,7292.7,6938.32
7524131,354.5,13088,12221.915
7524148,104.5,2458.2,2368.43
7524150,87,4496.45,2816.77
7524202,116,1550.34,1160.58
7524212,267,7402.56,6444.66
7524230,29,1130.13,1130.13
7524270,40.5,2957.4,2518.05
7524271,50.75,3607.6,2848.3075
7524272,55,2217.6,2217.6
7524297,232,1770.16,1186.1
7524324,116,4354.64,4354.64
7524327,7,438.83,332.5
7524328,42.4,923.18,758.236
7524329,22,372.02,325.6
7524339,29,638,638
7524401,87,2569.11,1946.19
7524418,116,1972,1518.44
7524441,87,381.06,381.06
7524451,29,991.8,991.8
7524474,87,2034.64,1514.09
7524501,86,4779.02,4779.02
7524521,92,3732.44,3732.44
7524522,58,2124.25,1960.4
7524523,33,757.72,679.29
7524571,101,2459.35,2459.35
7524572,46,869.4,869.4
7524573,50,945,945
7524579,58,1015,761.54
7524586,87,6029.1,6029.1
7524587,1629,41181.12,41181.12
7524603,46.4,1670.4,1461.6
7524619,87,3771.45,3477.68
7524640,29,1774.8,1774.8
7524641,29,1774.8,1774.8
7524684,29,1350.24,1350.24
7524696,14.5,232,206.48
7524697,182,5478.2,5478.2
7524701,58,2327.54,2327.54
7524703,90.19,6334.9402,6315.80215
7524716,110,218848.2,217430.68
7524756,290,1450,43.5
7524757,741,2105,63.15
7524805,29,1131,882.18
7524883,58,2545.04,2545.04
7525006,87,4198.04,4198.04
7525052,37.25,1509.7425,1369.31
7525053,29,1469.43,1333.13
7525084,29,1189,808.52
7525085,148.5,5554.08,3439.095
7525192,58,3079.8,3079.8
7525203,102,3366,2763.18
7525205,145,6220.5,5106.9
7525226,29,1506.55,1356.04
7525263,194.8,8468.88,6925.776
7525267,58,8114.2,6897.36
7525277,241,8103.28,8103.28
7525278,85,3876,3876
7525279,260,11511.6,11511.6
7525280,58,1570.64,1570.64
7525281,77,3913.91,3913.91
7525282,87,3843.66,3843.66
7525283,435,22315.5,22315.5
7525284,87,3223.35,3223.35
7525285,87,3366.9,3366.9
7525286,145,6819.35,6819.35
7525287,58,1570.64,1570.64
7525288,146,2910.4,2910.4
7525291,127,2391.85,1790.25
7525320,29,409.48,409.48
7525327,482.3,22206.093,22129.569
7525328,127,6851,6782.75
7525329,116,2417.44,1518.44
7525331,116,2739.92,1721.44
7525348,58,381.06,381.06
7525349,116,1943.58,1448.84
7525356,140,3346.21,2726.2
7525359,58,463.71,420.5
7525361,10,253.1,253.1
7525362,76,49943.66,49356.12
7525367,793,6483.045,6444.27
7525392,189,7002.45,7002.45
7525404,87,4854.6,4854.6
7525405,203,11588.4,11588.4
7525421,29,111503.84,110656.46
7525468,150,19096.5,16594.5
7525469,93,1432.2,1432.2
7525471,96,9127.16,8000.63
7525505,1.998,38.42154,38.42154
7525507,183,2196,1897.71
7525534,49,840.84,762.93
7525574,29,3285.99,3058.92
7525581,29,1247,966.57
7525583,96,5322.8,4683.64
7525584,58,3480,2784
7525585,41,263.63,263.63
7525602,87,3888.9,3299.91
7525618,522,1111.86,1111.86
7525627,58,1596.16,1596.16
7525628,124,4167,4167
7525636,95,3786.7,2423.45
7525637,187.25,4781.7825,3999.3825
7525643,89,1989.16,1989.16
7525645,64,2293.2,2243.4
7525650,116,5220,3837.28
7525679,87,5220,4158.6
7525684,29,667,513.59
7525685,29,957,746.46
7525687,87,4524,3528.72
7525695,23,22228.71,22228.71
7525707,29,1451.74,1316.89
7525710,116,3975.9,3975.9
7525712,116,3884.84,3884.84
7525715,29,957,481.11
7525730,108,1126.48,1066.74
7525732,58,20010,17086.8
7525735,29,6670,5202.6
7525741,81,4585.9,3975.74
7525753,40,2789.6,2789.6
7525773,161,3538.78,1812.86
7525800,22.8,3172.848,3172.848
7525812,58,2030,844.48
7525815,174,11042.04,9385.56
7525817,58,1222.06,1222.06
7525818,104,2290.18,1733.58
7525843,40,540,540
7525880,116,6577.2,4895.2
7525884,203,8160.6,6689.14
7525889,29,2436,1889.64
7525904,87,5394,4261.26
7525905,29,1131,882.18
7525929,435,24972.25,23660.43
7525935,29,1456.67,1398.38
7525937,29,1342.12,1248.16
7525976,18,252,199.08
7525984,229.412,7740.36088,6252.49768
7526025,116,696,696
7526034,49.635,1571.91755,1498.5721
7526042,67,1569.14,1569.14
7526083,29,1537,1198.86
7526085,87,1385.33,1220.61
7526086,116,4843,3862.8
7526087,29,928,714.56
7526089,29,1131,910.31
7526090,87,3915,3092.85
7526091,65,2616.54,2115.71
7526092,58,1348.5,1066.04
7526093,65,4119.68,3265.92
7526121,115,4600,3690.55
7526125,21.8,815.32,815.32
7526169,58,2168.62,2168.62
7526183,58.657,1902.98806,1902.98806
7526184,116,3663.28,3663.28
7526188,58,2507.34,2507.34
7526189,29,854.63,854.63
7526197,58,2168.04,2168.04
7526471,29,520.55,520.55
7526759,51,1224,1001.28
7527150,29,234.9,234.9
7527223,157,2095.36,2095.36
7527635,14,52.64,22.68
7527940,159.631,965.9339,916.39766
7527941,290,8404.2,7180.4
7528909,29,1873.4,1873.4
7529276,91,745.6,637.43
7529284,571,4556.47,4534.79
7529394,84,1742.4,1565.7
7529497,87,2148.9,2148.9
7530561,87,2546.49,2546.49
7531009,58,12760,9952.8
7531952,29,5278,5278
7532677,45.24,4851.99,3047.8188
7532731,116,5196.8,3949.8
7532735,76,1672,1672
7532763,187,6101.64,6101.64
7532764,58,1740,1503.94
7532766,17,1028.7,943.02
7532777,12,122.4,122.4
7532778,3,128.4,128.4
7532780,58,2638.42,2242.86
7532851,46.75,1653.08,1653.08
7532857,58,7370.06,5403.86
7532868,142,3297.24,3133.44
7532876,47,2571.09,2337.69
7532956,116,2736.44,2041.6
7532957,116,1716.8,1285.28
7532958,29,408.61,305.95
7532960,29,508.08,378.16
7532971,29,3700.98,3700.98
7532974,58,3201.02,3201.02
7532985,60.675,2825.8755,2525.208
7532989,87,4525.74,4173.39
7532995,70,5007.7,4674.5
7532996,23,1742.48,1742.48
7532997,87,6591.12,5866.41
7533015,34.3,1204.273,1204.273
7533018,406,16021.05,11179.5
7533021,680,1305.6,1305.6
7533023,286,12156.63,11927.57
7533048,58,4481.08,3988.08
7533049,85,7111.1,7000.7
7533052,116,3132,2442.96
7533063,29,12110.4,12110.4
7533079,58,2484.72,2291.58
7533081,120.5,1767.75,1140.625
7533083,29,212.57,212.57
7533121,145,1142.6,1142.6
7533150,29,1798,1528.3
7533151,58,3272.36,3002.66
7533177,29,1568.32,1458.41
7533178,58,5826.68,5418.94
7533179,40,2379.6,2236.8
7533183,58,7819.56,7819.56
7533231,116,2992.8,2992.8
7533232,42,1113,1084.51
7533233,503,14506.52,12303.38
7533239,161.401,5095.42957,3058.54895
7533380,26,1171.3,1171.3
7533382,72,3454.3,3324.1
7533383,135,6376.05,6376.05
7533424,203,3288.6,3288.6
7533454,29,547.23,547.23
7533464,40.397,1542.76143,1088.24095
7533465,46.353,1748.53407,1622.84865
7533466,58,2488.49,2356.25
7533483,87,4959,3570.48
7533485,80,7384.71,6193.38
7533486,58,5394,4409.45
7533500,228,165.02,165.02
7533501,2026,1127.71,1127.71
7533521,193,3647.7,3647.7
7533534,81,2605.81,2605.81
7533541,87,5046,3935.88
7533549,322.5,4076.745,4040.065
7533571,58,4365.66,4354.64
7533655,53,869.2,791.5
7533723,87,3878.17,3878.17
7533746,58,3364,2623.92
7533812,29,1696.5,1323.27
7533818,184,2677.2,2677.2
7533820,29,725,601.75
7533948,35.836,3693.40417,3687.43233
7533986,58,2872.74,2729.19
7533991,94,14100,9024
7534053,14,918.4,918.4
7534056,65,8477.28,8477.28
7534059,147,432.27,432.27
7534060,181,485.08,485.08
7534061,119,260.61,260.61
7534062,102,376.38,376.38
7534068,121.2,2763.36,2763.36
7534107,58,5761.72,5300.62
7534129,58.674,1848.231,1848.231
7534132,66.35,1184.3475,1184.3475
7534133,142,1968.12,1968.12
7534134,7.25,136.3,58.58
7534141,29,680.05,518.23
7534143,20.3,523.74,523.74
7534162,87,3915,3417.07
7534163,58,2610,2322.9
7534164,116,5220,4511.24
7534179,133,9526.53,7862.28
7534181,221.3,3162.917,3112.776
7534184,213,7029,7029
7534185,157,2765.16,2763.79
7534226,29,514.46,385.12
7534242,116,5104,3470.72
7534260,29,707.6,707.6
7534261,116,2742.24,2742.24
7534266,178,970.1,970.1
7534267,685,3507.2,3507.2
7534268,29,521.71,448.63
7534269,58,1122.88,965.7
7534270,87,2158.47,1856.58
7534280,88.8,4586.624,4332.964
7534293,377,7031.05,7031.05
7534294,174,3004.98,3004.98
7534296,87,594.21,594.21
7534297,116,1858.32,1858.32
7534299,58,1037.62,1037.62
7534300,58,726.74,726.74
7534301,87,1732.46,1732.46
7534302,56,911.68,911.68
7534304,58,1837.44,1837.44
7534305,87,2756.16,2756.16
7534311,58,1815.4,1815.4
7534317,58,2333.92,2333.92
7534325,23,753.48,753.48
7534331,646.924,150726.8228,150726.8228
7534349,58,3538,2759.64
7534352,266,2092.78,2092.78
7534353,598,4873.7,4873.7
7534361,29,1450,1305
7534365,186.897,4625.81222,4507.16281
7534366,58,9810.12,9212.72
7534373,116,5026.28,3710.84
7534374,43.06,1213.3706,1181.5178
7534383,137,10085.94,8137.8
